/*
Navicat MySQL Data Transfer

Source Server         : localhost（MySQL）
Source Server Version : 50717
Source Host           : localhost:3306
Source Database       : snow-admin

Target Server Type    : MYSQL
Target Server Version : 50717
File Encoding         : 65001

Date: 2023-08-02 15:24:59
*/

SET FOREIGN_KEY_CHECKS=0;

-- ----------------------------
-- Table structure for sys_log
-- ----------------------------
DROP TABLE IF EXISTS `sys_log`;
CREATE TABLE `sys_log` (
  `id` bigint(20) NOT NULL AUTO_INCREMENT COMMENT 'ID',
  `description` varchar(255) DEFAULT NULL COMMENT '描述',
  `log_type` varchar(255) DEFAULT NULL COMMENT '日志类型',
  `method` varchar(255) DEFAULT NULL COMMENT '调用方法',
  `params` text COMMENT '请求参数',
  `request_ip` varchar(255) DEFAULT NULL COMMENT '发起请求的IP地址',
  `time` bigint(20) DEFAULT NULL COMMENT '请求耗时，单位：ms',
  `username` varchar(255) DEFAULT NULL COMMENT '操作用户',
  `address` varchar(255) DEFAULT NULL COMMENT '请求地址',
  `browser` varchar(255) DEFAULT NULL COMMENT '浏览器',
  `exception_detail` text COMMENT '异常信息详情',
  `create_time` datetime DEFAULT NULL COMMENT '创建时间',
  PRIMARY KEY (`id`) USING BTREE,
  KEY `log_create_time_index` (`create_time`) USING BTREE,
  KEY `inx_log_type` (`log_type`) USING BTREE
) ENGINE=InnoDB AUTO_INCREMENT=100 DEFAULT CHARSET=utf8 ROW_FORMAT=COMPACT COMMENT='系统日志';

-- ----------------------------
-- Records of sys_log
-- ----------------------------
INSERT INTO `sys_log` VALUES ('1', '用户登录', 'INFO', 'com.snow.dcl.controller.LoginController.login()', '{\"username\":\"admin\"}', '172.16.41.238', '411', 'admin', '内网IP', 'Chrome 114', null, null);
INSERT INTO `sys_log` VALUES ('2', '新增用户', 'INFO', 'com.snow.dcl.controller.SysUserController.save()', '{\"gender\":\"男\",\"nickName\":\"Dcl\",\"avatar\":\"https://wpimg.wallstcn.com/f778738c-e4f8-4870-b634-56703b4acafe.gif\",\"password\":\"123456\",\"phone\":\"15972130586\",\"email\":\"\",\"username\":\"Dcl\"}', '172.16.41.238', '143', 'admin', '内网IP', 'Chrome 114', null, null);
INSERT INTO `sys_log` VALUES ('3', '新增用户', 'INFO', 'com.snow.dcl.controller.SysUserController.save()', '{\"gender\":\"男\",\"nickName\":\"Dcl\",\"avatar\":\"https://wpimg.wallstcn.com/f778738c-e4f8-4870-b634-56703b4acafe.gif\",\"password\":\"123456\",\"phone\":\"15972130586\",\"email\":\"\",\"username\":\"Dcl\"}', '172.16.41.238', '137', 'admin', '内网IP', 'Chrome 114', null, '2023-07-20 14:59:03');
INSERT INTO `sys_log` VALUES ('4', '新增用户', 'ERROR', 'com.snow.dcl.controller.SysUserController.save()', '{\"gender\":\"男\",\"nickName\":\"Dcl\",\"avatar\":\"https://wpimg.wallstcn.com/f778738c-e4f8-4870-b634-56703b4acafe.gif\",\"password\":\"123456\",\"phone\":\"15972130586\",\"email\":\"\",\"username\":\"Dcl\"}', '172.16.41.238', '86', 'admin', '内网IP', 'Chrome 114', 'java.lang.ArithmeticException: / by zero\r\n	at com.snow.dcl.service.impl.SysUserServiceImpl.save(SysUserServiceImpl.java:57)\r\n	at com.snow.dcl.controller.SysUserController.save(SysUserController.java:46)\r\n	at com.snow.dcl.controller.SysUserController$$FastClassBySpringCGLIB$$447a0ae1.invoke(<generated>)\r\n	at org.springframework.cglib.proxy.MethodProxy.invoke(MethodProxy.java:218)\r\n	at org.springframework.aop.framework.CglibAopProxy$CglibMethodInvocation.invokeJoinpoint(CglibAopProxy.java:779)\r\n	at org.springframework.aop.framework.ReflectiveMethodInvocation.proceed(ReflectiveMethodInvocation.java:163)\r\n	at org.springframework.aop.framework.CglibAopProxy$CglibMethodInvocation.proceed(CglibAopProxy.java:750)\r\n	at org.springframework.aop.aspectj.AspectJAfterThrowingAdvice.invoke(AspectJAfterThrowingAdvice.java:64)\r\n	at org.springframework.aop.framework.ReflectiveMethodInvocation.proceed(ReflectiveMethodInvocation.java:175)\r\n	at org.springframework.aop.framework.CglibAopProxy$CglibMethodInvocation.proceed(CglibAopProxy.java:750)\r\n	at org.springframework.aop.aspectj.MethodInvocationProceedingJoinPoint.proceed(MethodInvocationProceedingJoinPoint.java:89)\r\n	at com.snow.dcl.aspect.LogAspect.logAround(LogAspect.java:57)\r\n	at sun.reflect.NativeMethodAccessorImpl.invoke0(Native Method)\r\n	at sun.reflect.NativeMethodAccessorImpl.invoke(NativeMethodAccessorImpl.java:62)\r\n	at sun.reflect.DelegatingMethodAccessorImpl.invoke(DelegatingMethodAccessorImpl.java:43)\r\n	at java.lang.reflect.Method.invoke(Method.java:498)\r\n	at org.springframework.aop.aspectj.AbstractAspectJAdvice.invokeAdviceMethodWithGivenArgs(AbstractAspectJAdvice.java:634)\r\n	at org.springframework.aop.aspectj.AbstractAspectJAdvice.invokeAdviceMethod(AbstractAspectJAdvice.java:624)\r\n	at org.springframework.aop.aspectj.AspectJAroundAdvice.invoke(AspectJAroundAdvice.java:72)\r\n	at org.springframework.aop.framework.ReflectiveMethodInvocation.proceed(ReflectiveMethodInvocation.java:175)\r\n	at org.springframework.aop.framework.CglibAopProxy$CglibMethodInvocation.proceed(CglibAopProxy.java:750)\r\n	at org.springframework.aop.interceptor.ExposeInvocationInterceptor.invoke(ExposeInvocationInterceptor.java:97)\r\n	at org.springframework.aop.framework.ReflectiveMethodInvocation.proceed(ReflectiveMethodInvocation.java:186)\r\n	at org.springframework.aop.framework.CglibAopProxy$CglibMethodInvocation.proceed(CglibAopProxy.java:750)\r\n	at org.springframework.aop.framework.CglibAopProxy$DynamicAdvisedInterceptor.intercept(CglibAopProxy.java:692)\r\n	at com.snow.dcl.controller.SysUserController$$EnhancerBySpringCGLIB$$894b75e1.save(<generated>)\r\n	at sun.reflect.NativeMethodAccessorImpl.invoke0(Native Method)\r\n	at sun.reflect.NativeMethodAccessorImpl.invoke(NativeMethodAccessorImpl.java:62)\r\n	at sun.reflect.DelegatingMethodAccessorImpl.invoke(DelegatingMethodAccessorImpl.java:43)\r\n	at java.lang.reflect.Method.invoke(Method.java:498)\r\n	at org.springframework.web.method.support.InvocableHandlerMethod.doInvoke(InvocableHandlerMethod.java:197)\r\n	at org.springframework.web.method.support.InvocableHandlerMethod.invokeForRequest(InvocableHandlerMethod.java:141)\r\n	at org.springframework.web.servlet.mvc.method.annotation.ServletInvocableHandlerMethod.invokeAndHandle(ServletInvocableHandlerMethod.java:106)\r\n	at org.springframework.web.servlet.mvc.method.annotation.RequestMappingHandlerAdapter.invokeHandlerMethod(RequestMappingHandlerAdapter.java:895)\r\n	at org.springframework.web.servlet.mvc.method.annotation.RequestMappingHandlerAdapter.handleInternal(RequestMappingHandlerAdapter.java:808)\r\n	at org.springframework.web.servlet.mvc.method.AbstractHandlerMethodAdapter.handle(AbstractHandlerMethodAdapter.java:87)\r\n	at org.springframework.web.servlet.DispatcherServlet.doDispatch(DispatcherServlet.java:1064)\r\n	at org.springframework.web.servlet.DispatcherServlet.doService(DispatcherServlet.java:963)\r\n	at org.springframework.web.servlet.FrameworkServlet.processRequest(FrameworkServlet.java:1006)\r\n	at org.springframework.web.servlet.FrameworkServlet.doPost(FrameworkServlet.java:909)\r\n	at javax.servlet.http.HttpServlet.service(HttpServlet.java:681)\r\n	at org.springframework.web.servlet.FrameworkServlet.service(FrameworkServlet.java:883)\r\n	at javax.servlet.http.HttpServlet.service(HttpServlet.java:764)\r\n	at org.apache.catalina.core.ApplicationFilterChain.internalDoFilter(ApplicationFilterChain.java:227)\r\n	at org.apache.catalina.core.ApplicationFilterChain.doFilter(ApplicationFilterChain.java:162)\r\n	at org.apache.tomcat.websocket.server.WsFilter.doFilter(WsFilter.java:53)\r\n	at org.apache.catalina.core.ApplicationFilterChain.internalDoFilter(ApplicationFilterChain.java:189)\r\n	at org.apache.catalina.core.ApplicationFilterChain.doFilter(ApplicationFilterChain.java:162)\r\n	at org.springframework.web.filter.OncePerRequestFilter.doFilter(OncePerRequestFilter.java:113)\r\n	at org.apache.catalina.core.ApplicationFilterChain.internalDoFilter(ApplicationFilterChain.java:189)\r\n	at org.apache.catalina.core.ApplicationFilterChain.doFilter(ApplicationFilterChain.java:162)\r\n	at org.springframework.web.filter.OncePerRequestFilter.doFilter(OncePerRequestFilter.java:113)\r\n	at org.apache.catalina.core.ApplicationFilterChain.internalDoFilter(ApplicationFilterChain.java:189)\r\n	at org.apache.catalina.core.ApplicationFilterChain.doFilter(ApplicationFilterChain.java:162)\r\n	at com.snow.dcl.handler.JwtTokenAuthenticationFilter.doFilterInternal(JwtTokenAuthenticationFilter.java:56)\r\n	at org.springframework.web.filter.OncePerRequestFilter.doFilter(OncePerRequestFilter.java:119)\r\n	at org.apache.catalina.core.ApplicationFilterChain.internalDoFilter(ApplicationFilterChain.java:189)\r\n	at org.apache.catalina.core.ApplicationFilterChain.doFilter(ApplicationFilterChain.java:162)\r\n	at org.springframework.security.web.FilterChainProxy$VirtualFilterChain.doFilter(FilterChainProxy.java:327)\r\n	at org.springframework.security.web.access.intercept.FilterSecurityInterceptor.invoke(FilterSecurityInterceptor.java:115)\r\n	at org.springframework.security.web.access.intercept.FilterSecurityInterceptor.doFilter(FilterSecurityInterceptor.java:81)\r\n	at org.springframework.security.web.FilterChainProxy$VirtualFilterChain.doFilter(FilterChainProxy.java:336)\r\n	at org.springframework.security.web.access.ExceptionTranslationFilter.doFilter(ExceptionTranslationFilter.java:121)\r\n	at org.springframework.security.web.access.ExceptionTranslationFilter.doFilter(ExceptionTranslationFilter.java:115)\r\n	at org.springframework.security.web.FilterChainProxy$VirtualFilterChain.doFilter(FilterChainProxy.java:336)\r\n	at org.springframework.security.web.session.SessionManagementFilter.doFilter(SessionManagementFilter.java:126)\r\n	at org.springframework.security.web.session.SessionManagementFilter.doFilter(SessionManagementFilter.java:81)\r\n	at org.springframework.security.web.FilterChainProxy$VirtualFilterChain.doFilter(FilterChainProxy.java:336)\r\n	at org.springframework.security.web.authentication.AnonymousAuthenticationFilter.doFilter(AnonymousAuthenticationFilter.java:105)\r\n	at org.springframework.security.web.FilterChainProxy$VirtualFilterChain.doFilter(FilterChainProxy.java:336)\r\n	at org.springframework.security.web.servletapi.SecurityContextHolderAwareRequestFilter.doFilter(SecurityContextHolderAwareRequestFilter.java:149)\r\n	at org.springframework.security.web.FilterChainProxy$VirtualFilterChain.doFilter(FilterChainProxy.java:336)\r\n	at org.springframework.security.web.savedrequest.RequestCacheAwareFilter.doFilter(RequestCacheAwareFilter.java:63)\r\n	at org.springframework.security.web.FilterChainProxy$VirtualFilterChain.doFilter(FilterChainProxy.java:336)\r\n	at com.snow.dcl.handler.JwtTokenAuthenticationFilter.doFilterInternal(JwtTokenAuthenticationFilter.java:84)\r\n	at org.springframework.web.filter.OncePerRequestFilter.doFilter(OncePerRequestFilter.java:119)\r\n	at org.springframework.security.web.FilterChainProxy$VirtualFilterChain.doFilter(FilterChainProxy.java:336)\r\n	at org.springframework.security.web.authentication.logout.LogoutFilter.doFilter(LogoutFilter.java:103)\r\n	at org.springframework.security.web.authentication.logout.LogoutFilter.doFilter(LogoutFilter.java:89)\r\n	at org.springframework.security.web.FilterChainProxy$VirtualFilterChain.doFilter(FilterChainProxy.java:336)\r\n	at org.springframework.web.filter.CorsFilter.doFilterInternal(CorsFilter.java:91)\r\n	at org.springframework.web.filter.OncePerRequestFilter.doFilter(OncePerRequestFilter.java:119)\r\n	at org.springframework.security.web.FilterChainProxy$VirtualFilterChain.doFilter(FilterChainProxy.java:336)\r\n	at org.springframework.security.web.header.HeaderWriterFilter.doHeadersAfter(HeaderWriterFilter.java:90)\r\n	at org.springframework.security.web.header.HeaderWriterFilter.doFilterInternal(HeaderWriterFilter.java:75)\r\n	at org.springframework.web.filter.OncePerRequestFilter.doFilter(OncePerRequestFilter.java:119)\r\n	at org.springframework.security.web.FilterChainProxy$VirtualFilterChain.doFilter(FilterChainProxy.java:336)\r\n	at org.springframework.security.web.context.SecurityContextPersistenceFilter.doFilter(SecurityContextPersistenceFilter.java:110)\r\n	at org.springframework.security.web.context.SecurityContextPersistenceFilter.doFilter(SecurityContextPersistenceFilter.java:80)\r\n	at org.springframework.security.web.FilterChainProxy$VirtualFilterChain.doFilter(FilterChainProxy.java:336)\r\n	at org.springframework.security.web.context.request.async.WebAsyncManagerIntegrationFilter.doFilterInternal(WebAsyncManagerIntegrationFilter.java:55)\r\n	at org.springframework.web.filter.OncePerRequestFilter.doFilter(OncePerRequestFilter.java:119)\r\n	at org.springframework.security.web.FilterChainProxy$VirtualFilterChain.doFilter(FilterChainProxy.java:336)\r\n	at org.springframework.security.web.FilterChainProxy.doFilterInternal(FilterChainProxy.java:211)\r\n	at org.springframework.security.web.FilterChainProxy.doFilter(FilterChainProxy.java:183)\r\n	at org.springframework.web.filter.DelegatingFilterProxy.invokeDelegate(DelegatingFilterProxy.java:358)\r\n	at org.springframework.web.filter.DelegatingFilterProxy.doFilter(DelegatingFilterProxy.java:271)\r\n	at org.apache.catalina.core.ApplicationFilterChain.internalDoFilter(ApplicationFilterChain.java:189)\r\n	at org.apache.catalina.core.ApplicationFilterChain.doFilter(ApplicationFilterChain.java:162)\r\n	at org.springframework.web.filter.RequestContextFilter.doFilterInternal(RequestContextFilter.java:100)\r\n	at org.springframework.web.filter.OncePerRequestFilter.doFilter(OncePerRequestFilter.java:119)\r\n	at org.apache.catalina.core.ApplicationFilterChain.internalDoFilter(ApplicationFilterChain.java:189)\r\n	at org.apache.catalina.core.ApplicationFilterChain.doFilter(ApplicationFilterChain.java:162)\r\n	at org.springframework.web.filter.FormContentFilter.doFilterInternal(FormContentFilter.java:93)\r\n	at org.springframework.web.filter.OncePerRequestFilter.doFilter(OncePerRequestFilter.java:119)\r\n	at org.apache.catalina.core.ApplicationFilterChain.internalDoFilter(ApplicationFilterChain.java:189)\r\n	at org.apache.catalina.core.ApplicationFilterChain.doFilter(ApplicationFilterChain.java:162)\r\n	at org.springframework.web.filter.CharacterEncodingFilter.doFilterInternal(CharacterEncodingFilter.java:201)\r\n	at org.springframework.web.filter.OncePerRequestFilter.doFilter(OncePerRequestFilter.java:119)\r\n	at org.apache.catalina.core.ApplicationFilterChain.internalDoFilter(ApplicationFilterChain.java:189)\r\n	at org.apache.catalina.core.ApplicationFilterChain.doFilter(ApplicationFilterChain.java:162)\r\n	at org.apache.catalina.core.StandardWrapperValve.invoke(StandardWrapperValve.java:197)\r\n	at org.apache.catalina.core.StandardContextValve.invoke(StandardContextValve.java:97)\r\n	at org.apache.catalina.authenticator.AuthenticatorBase.invoke(AuthenticatorBase.java:542)\r\n	at org.apache.catalina.core.StandardHostValve.invoke(StandardHostValve.java:135)\r\n	at org.apache.catalina.valves.ErrorReportValve.invoke(ErrorReportValve.java:92)\r\n	at org.apache.catalina.core.StandardEngineValve.invoke(StandardEngineValve.java:78)\r\n	at org.apache.catalina.connector.CoyoteAdapter.service(CoyoteAdapter.java:357)\r\n	at org.apache.coyote.http11.Http11Processor.service(Http11Processor.java:382)\r\n	at org.apache.coyote.AbstractProcessorLight.process(AbstractProcessorLight.java:65)\r\n	at org.apache.coyote.AbstractProtocol$ConnectionHandler.process(AbstractProtocol.java:893)\r\n	at org.apache.tomcat.util.net.NioEndpoint$SocketProcessor.doRun(NioEndpoint.java:1726)\r\n	at org.apache.tomcat.util.net.SocketProcessorBase.run(SocketProcessorBase.java:49)\r\n	at org.apache.tomcat.util.threads.ThreadPoolExecutor.runWorker(ThreadPoolExecutor.java:1191)\r\n	at org.apache.tomcat.util.threads.ThreadPoolExecutor$Worker.run(ThreadPoolExecutor.java:659)\r\n	at org.apache.tomcat.util.threads.TaskThread$WrappingRunnable.run(TaskThread.java:61)\r\n	at java.lang.Thread.run(Thread.java:748)\r\n', '2023-07-20 15:03:57');
INSERT INTO `sys_log` VALUES ('5', '用户登录', 'INFO', 'com.snow.dcl.controller.LoginController.login()', '{\"username\":\"admin\"}', '127.0.0.1', '393', 'admin', '内网IP', 'Chrome114.0.0.0', null, '2023-07-20 15:50:30');
INSERT INTO `sys_log` VALUES ('6', '新增用户', 'INFO', 'com.snow.dcl.controller.SysUserController.save()', '{\"gender\":\"男\",\"nickName\":\"Dcl\",\"avatar\":\"https://wpimg.wallstcn.com/f778738c-e4f8-4870-b634-56703b4acafe.gif\",\"password\":\"123456\",\"phone\":\"15972130586\",\"email\":\"\",\"username\":\"Dcl\"}', '127.0.0.1', '104', 'admin', '内网IP', 'Chrome114.0.0.0', null, '2023-07-20 15:50:59');
INSERT INTO `sys_log` VALUES ('7', '新增用户', 'INFO', 'com.snow.dcl.controller.SysUserController.save()', '{\"gender\":\"男\",\"nickName\":\"Dcl\",\"avatar\":\"https://wpimg.wallstcn.com/f778738c-e4f8-4870-b634-56703b4acafe.gif\",\"password\":\"123456\",\"phone\":\"15972130586\",\"email\":\"\",\"username\":\"Dcl\"}', '127.0.0.1', '139', 'admin', '内网IP', 'Chrome-114.0.0.0', null, '2023-07-20 15:52:31');
INSERT INTO `sys_log` VALUES ('8', '新增用户', 'INFO', 'com.snow.dcl.controller.SysUserController.save()', '{\"gender\":\"男\",\"nickName\":\"Dcl\",\"avatar\":\"https://wpimg.wallstcn.com/f778738c-e4f8-4870-b634-56703b4acafe.gif\",\"password\":\"123456\",\"phone\":\"15972130586\",\"email\":\"\",\"username\":\"Dcl\"}', '172.16.41.238', '137', 'admin', '内网IP', 'Chrome-114.0.0.0', null, '2023-07-20 15:55:25');
INSERT INTO `sys_log` VALUES ('9', '新增用户', 'INFO', 'com.snow.dcl.controller.SysUserController.save()', '{\"gender\":\"男\",\"nickName\":\"Dcl\",\"avatar\":\"https://wpimg.wallstcn.com/f778738c-e4f8-4870-b634-56703b4acafe.gif\",\"password\":\"123456\",\"phone\":\"15972130586\",\"email\":\"\",\"username\":\"Dcl\"}', '172.16.41.238', '133', 'admin', '内网IP', 'Chrome-114.0.0.0', null, '2023-07-20 16:07:37');
INSERT INTO `sys_log` VALUES ('10', '新增用户', 'ERROR', 'com.snow.dcl.controller.SysUserController.save()', '{\"gender\":\"男\",\"nickName\":\"Dcl\",\"avatar\":\"https://wpimg.wallstcn.com/f778738c-e4f8-4870-b634-56703b4acafe.gif\",\"password\":\"123456\",\"phone\":\"15972130586\",\"email\":\"\",\"username\":\"Dcl\"}', '172.16.41.238', '79', 'admin', '内网IP', 'Chrome-114.0.0.0', 'java.lang.ArithmeticException: / by zero\r\n	at com.snow.dcl.service.impl.SysUserServiceImpl.save(SysUserServiceImpl.java:57)\r\n	at com.snow.dcl.controller.SysUserController.save(SysUserController.java:46)\r\n	at com.snow.dcl.controller.SysUserController$$FastClassBySpringCGLIB$$447a0ae1.invoke(<generated>)\r\n	at org.springframework.cglib.proxy.MethodProxy.invoke(MethodProxy.java:218)\r\n	at org.springframework.aop.framework.CglibAopProxy$CglibMethodInvocation.invokeJoinpoint(CglibAopProxy.java:779)\r\n	at org.springframework.aop.framework.ReflectiveMethodInvocation.proceed(ReflectiveMethodInvocation.java:163)\r\n	at org.springframework.aop.framework.CglibAopProxy$CglibMethodInvocation.proceed(CglibAopProxy.java:750)\r\n	at org.springframework.aop.aspectj.AspectJAfterThrowingAdvice.invoke(AspectJAfterThrowingAdvice.java:64)\r\n	at org.springframework.aop.framework.ReflectiveMethodInvocation.proceed(ReflectiveMethodInvocation.java:175)\r\n	at org.springframework.aop.framework.CglibAopProxy$CglibMethodInvocation.proceed(CglibAopProxy.java:750)\r\n	at org.springframework.aop.aspectj.MethodInvocationProceedingJoinPoint.proceed(MethodInvocationProceedingJoinPoint.java:89)\r\n	at com.snow.dcl.aspect.LogAspect.logAround(LogAspect.java:57)\r\n	at sun.reflect.NativeMethodAccessorImpl.invoke0(Native Method)\r\n	at sun.reflect.NativeMethodAccessorImpl.invoke(NativeMethodAccessorImpl.java:62)\r\n	at sun.reflect.DelegatingMethodAccessorImpl.invoke(DelegatingMethodAccessorImpl.java:43)\r\n	at java.lang.reflect.Method.invoke(Method.java:498)\r\n	at org.springframework.aop.aspectj.AbstractAspectJAdvice.invokeAdviceMethodWithGivenArgs(AbstractAspectJAdvice.java:634)\r\n	at org.springframework.aop.aspectj.AbstractAspectJAdvice.invokeAdviceMethod(AbstractAspectJAdvice.java:624)\r\n	at org.springframework.aop.aspectj.AspectJAroundAdvice.invoke(AspectJAroundAdvice.java:72)\r\n	at org.springframework.aop.framework.ReflectiveMethodInvocation.proceed(ReflectiveMethodInvocation.java:175)\r\n	at org.springframework.aop.framework.CglibAopProxy$CglibMethodInvocation.proceed(CglibAopProxy.java:750)\r\n	at org.springframework.aop.interceptor.ExposeInvocationInterceptor.invoke(ExposeInvocationInterceptor.java:97)\r\n	at org.springframework.aop.framework.ReflectiveMethodInvocation.proceed(ReflectiveMethodInvocation.java:186)\r\n	at org.springframework.aop.framework.CglibAopProxy$CglibMethodInvocation.proceed(CglibAopProxy.java:750)\r\n	at org.springframework.aop.framework.CglibAopProxy$DynamicAdvisedInterceptor.intercept(CglibAopProxy.java:692)\r\n	at com.snow.dcl.controller.SysUserController$$EnhancerBySpringCGLIB$$c56bff99.save(<generated>)\r\n	at sun.reflect.NativeMethodAccessorImpl.invoke0(Native Method)\r\n	at sun.reflect.NativeMethodAccessorImpl.invoke(NativeMethodAccessorImpl.java:62)\r\n	at sun.reflect.DelegatingMethodAccessorImpl.invoke(DelegatingMethodAccessorImpl.java:43)\r\n	at java.lang.reflect.Method.invoke(Method.java:498)\r\n	at org.springframework.web.method.support.InvocableHandlerMethod.doInvoke(InvocableHandlerMethod', '2023-07-20 16:08:28');
INSERT INTO `sys_log` VALUES ('11', '新增用户', 'ERROR', 'com.snow.dcl.controller.SysUserController.save()', '{\"gender\":\"男\",\"nickName\":\"Dcl\",\"avatar\":\"https://wpimg.wallstcn.com/f778738c-e4f8-4870-b634-56703b4acafe.gif\",\"password\":\"123456\",\"phone\":\"15972130586\",\"email\":\"\",\"username\":\"Dcl\"}', '172.16.41.238', '83', 'admin', '内网IP', 'Chrome-114.0.0.0', 'java.lang.ArithmeticException: / by zero\r\n	at com.snow.dcl.service.impl.SysUserServiceImpl.save(SysUserServiceImpl.java:57)\r\n	at com.snow.dcl.controller.SysUserController.save(SysUserController.java:46)\r\n	at com.snow.dcl.controller.SysUserController$$FastClassBySpringCGLIB$$447a0ae1.invoke(<generated>)\r\n	at org.springframework.cglib.proxy.MethodProxy.invoke(MethodProxy.java:218)\r\n	at org.springframework.aop.framework.CglibAopProxy$CglibMethodInvocation.invokeJoinpoint(CglibAopProxy.java:779)\r\n	at org.springframework.aop.framework.ReflectiveMethodInvocation.proceed(ReflectiveMethodInvocation.java:163)\r\n	at org.springframework.aop.framework.CglibAopProxy$CglibMethodInvocation.proceed(CglibAopProxy.java:750)\r\n	at org.springframework.aop.aspectj.AspectJAfterThrowingAdvice.invoke(AspectJAfterThrowingAdvice.java:64)\r\n	at org.springframework.aop.framework.ReflectiveMethodInvocation.proceed(ReflectiveMethodInvocation.java:175)\r\n	at org.springframework.aop.framework.CglibAopProxy$CglibMethodInvocation.proceed(CglibAopProxy.java:750)\r\n	at org.springframework.aop.aspectj.MethodInvocationProceedingJoinPoint.proceed(MethodInvocationProceedingJoinPoint.java:89)\r\n	at com.snow.dcl.aspect.LogAspect.logAround(LogAspect.java:57)\r\n	at sun.reflect.NativeMethodAccessorImpl.invoke0(Native Method)\r\n	at sun.reflect.NativeMethodAccessorImpl.invoke(NativeMethodAccessorImpl.java:62)\r\n	at sun.reflect.DelegatingMethodAccessorImpl.invoke(DelegatingMethodAccessorImpl.java:43)\r\n	at java.lang.reflect.Method.invoke(Method.java:498)\r\n	at org.springframework.aop.aspectj.AbstractAspectJAdvice.invokeAdviceMethodWithGivenArgs(AbstractAspectJAdvice.java:634)\r\n	at org.springframework.aop.aspectj.AbstractAspectJAdvice.invokeAdviceMethod(AbstractAspectJAdvice.java:624)\r\n	at org.springframework.aop.aspectj.AspectJAroundAdvice.invoke(AspectJAroundAdvice.java:72)\r\n	at org.springframework.aop.framework.ReflectiveMethodInvocation.proceed(ReflectiveMethodInvocation.java:175)\r\n	at org.springframework.aop.framework.CglibAopProxy$CglibMethodInvocation.proceed(CglibAopProxy.java:750)\r\n	at org.springframework.aop.interceptor.ExposeInvocationInterceptor.invoke(ExposeInvocationInterceptor.java:97)\r\n	at org.springframework.aop.framework.ReflectiveMethodInvocation.proceed(ReflectiveMethodInvocation.java:186)\r\n	at org.springframework.aop.framework.CglibAopProxy$CglibMethodInvocation.proceed(CglibAopProxy.java:750)\r\n	at org.springframework.aop.framework.CglibAopProxy$DynamicAdvisedInterceptor.intercept(CglibAopProxy.java:692)\r\n	at com.snow.dcl.controller.SysUserController$$EnhancerBySpringCGLIB$$b32ca462.save(<generated>)\r\n	at sun.reflect.NativeMethodAccessorImpl.invoke0(Native Method)\r\n	at sun.reflect.NativeMethodAccessorImpl.invoke(NativeMethodAccessorImpl.java:62)\r\n	at sun.reflect.DelegatingMethodAccessorImpl.invoke(DelegatingMethodAccessorImpl.java:43)\r\n	at java.lang.reflect.Method.invoke(Method.java:498)\r\n	at org.springframework.web.method.support.InvocableHandlerMethod.doInvoke(InvocableHandlerMethod', '2023-07-20 16:10:51');
INSERT INTO `sys_log` VALUES ('12', '新增用户', 'ERROR', 'com.snow.dcl.controller.SysUserController.save()', '{\"gender\":\"男\",\"nickName\":\"Dcl\",\"avatar\":\"https://wpimg.wallstcn.com/f778738c-e4f8-4870-b634-56703b4acafe.gif\",\"password\":\"123456\",\"phone\":\"15972130586\",\"email\":\"\",\"username\":\"Dcl\"}', '172.16.41.238', '67', 'admin', '内网IP', 'Chrome-114.0.0.0', 'java.lang.ArithmeticException: / by zero\r\n	at com.snow.dcl.service.impl.SysUserServiceImpl.save(SysUserServiceImpl.java:57)\r\n	at com.snow.dcl.controller.SysUserController.save(SysUserController.java:46)\r\n	at com.snow.dcl.controller.SysUserController$$FastClassBySpringCGLIB$$447a0ae1.invoke(<generated>)\r\n	at org.springframework.cglib.proxy.MethodProxy.invoke(MethodProxy.java:218)\r\n	at org.springframework.aop.framework.CglibAopProxy$CglibMethodInvocation.invokeJoinpoint(CglibAopProxy.java:779)\r\n	at org.springframework.aop.framework.ReflectiveMethodInvocation.proceed(ReflectiveMethodInvocation.java:163)\r\n	at org.springframework.aop.framework.CglibAopProxy$CglibMethodInvocation.proceed(CglibAopProxy.java:750)\r\n	at org.springframework.aop.aspectj.AspectJAfterThrowingAdvice.invoke(AspectJAfterThrowingAdvice.java:64)\r\n	at org.springframework.aop.framework.ReflectiveMethodInvocation.proceed(ReflectiveMethodInvocation.java:175)\r\n	at org.springframework.aop.framework.CglibAopProxy$CglibMethodInvocation.proceed(CglibAopProxy.java:750)\r\n	at org.springframework.aop.aspectj.MethodInvocationProceedingJoinPoint.proceed(MethodInvocationProceedingJoinPoint.java:89)\r\n	at com.snow.dcl.aspect.LogAspect.logAround(LogAspect.java:57)\r\n	at sun.reflect.NativeMethodAccessorImpl.invoke0(Native Method)\r\n	at sun.reflect.NativeMethodAccessorImpl.invoke(NativeMethodAccessorImpl.java:62)\r\n	at sun.reflect.DelegatingMethodAccessorImpl.invoke(DelegatingMethodAccessorImpl.java:43)\r\n	at java.lang.reflect.Method.invoke(Method.java:498)\r\n	at org.springframework.aop.aspectj.AbstractAspectJAdvice.invokeAdviceMethodWithGivenArgs(AbstractAspectJAdvice.java:634)\r\n	at org.springframework.aop.aspectj.AbstractAspectJAdvice.invokeAdviceMethod(AbstractAspectJAdvice.java:624)\r\n	at org.springframework.aop.aspectj.AspectJAroundAdvice.invoke(AspectJAroundAdvice.java:72)\r\n	at org.springframework.aop.framework.ReflectiveMethodInvocation.proceed(ReflectiveMethodInvocation.java:175)\r\n	at org.springframework.aop.framework.CglibAopProxy$CglibMethodInvocation.proceed(CglibAopProxy.java:750)\r\n	at org.springframework.aop.interceptor.ExposeInvocationInterceptor.invoke(ExposeInvocationInterceptor.java:97)\r\n	at org.springframework.aop.framework.ReflectiveMethodInvocation.proceed(ReflectiveMethodInvocation.java:186)\r\n	at org.springframework.aop.framework.CglibAopProxy$CglibMethodInvocation.proceed(CglibAopProxy.java:750)\r\n	at org.springframework.aop.framework.CglibAopProxy$DynamicAdvisedInterceptor.intercept(CglibAopProxy.java:692)\r\n	at com.snow.dcl.controller.SysUserController$$EnhancerBySpringCGLIB$$b32ca462.save(<generated>)\r\n	at sun.reflect.NativeMethodAccessorImpl.invoke0(Native Method)\r\n	at sun.reflect.NativeMethodAccessorImpl.invoke(NativeMethodAccessorImpl.java:62)\r\n	at sun.reflect.DelegatingMethodAccessorImpl.invoke(DelegatingMethodAccessorImpl.java:43)\r\n	at java.lang.reflect.Method.invoke(Method.java:498)\r\n	at org.springframework.web.method.support.InvocableHandlerMethod.doInvoke(InvocableHandlerMethod', '2023-07-20 16:12:26');
INSERT INTO `sys_log` VALUES ('13', '新增用户', 'ERROR', 'com.snow.dcl.controller.SysUserController.save()', '{\"gender\":\"男\",\"nickName\":\"Dcl\",\"avatar\":\"https://wpimg.wallstcn.com/f778738c-e4f8-4870-b634-56703b4acafe.gif\",\"password\":\"123456\",\"phone\":\"15972130586\",\"email\":\"\",\"username\":\"Dcl\"}', '172.16.41.238', '92', 'admin', '内网IP', 'Chrome-114.0.0.0', 'java.lang.ArithmeticException: / by zero\r\n	at com.snow.dcl.service.impl.SysUserServiceImpl.save(SysUserServiceImpl.java:57)\r\n	at com.snow.dcl.controller.SysUserController.save(SysUserController.java:46)\r\n	at com.snow.dcl.controller.SysUserController$$FastClassBySpringCGLIB$$447a0ae1.invoke(<generated>)\r\n	at org.springframework.cglib.proxy.MethodProxy.invoke(MethodProxy.java:218)\r\n	at org.springframework.aop.framework.CglibAopProxy$CglibMethodInvocation.invokeJoinpoint(CglibAopProxy.java:779)\r\n	at org.springframework.aop.framework.ReflectiveMethodInvocation.proceed(ReflectiveMethodInvocation.java:163)\r\n	at org.springframework.aop.framework.CglibAopProxy$CglibMethodInvocation.proceed(CglibAopProxy.java:750)\r\n	at org.springframework.aop.aspectj.AspectJAfterThrowingAdvice.invoke(AspectJAfterThrowingAdvice.java:64)\r\n	at org.springframework.aop.framework.ReflectiveMethodInvocation.proceed(ReflectiveMethodInvocation.java:175)\r\n	at org.springframework.aop.framework.CglibAopProxy$CglibMethodInvocation.proceed(CglibAopProxy.java:750)\r\n	at org.springframework.aop.aspectj.MethodInvocationProceedingJoinPoint.proceed(MethodInvocationProceedingJoinPoint.java:89)\r\n	at com.snow.dcl.aspect.LogAspect.logAround(LogAspect.java:57)\r\n	at sun.reflect.NativeMethodAccessorImpl.invoke0(Native Method)\r\n	at sun.reflect.NativeMethodAccessorImpl.invoke(NativeMethodAccessorImpl.java:62)\r\n	at sun.reflect.DelegatingMethodAccessorImpl.invoke(DelegatingMethodAccessorImpl.java:43)\r\n	at java.lang.reflect.Method.invoke(Method.java:498)\r\n	at org.springframework.aop.aspectj.AbstractAspectJAdvice.invokeAdviceMethodWithGivenArgs(AbstractAspectJAdvice.java:634)\r\n	at org.springframework.aop.aspectj.AbstractAspectJAdvice.invokeAdviceMethod(AbstractAspectJAdvice.java:624)\r\n	at org.springframework.aop.aspectj.AspectJAroundAdvice.invoke(AspectJAroundAdvice.java:72)\r\n	at org.springframework.aop.framework.ReflectiveMethodInvocation.proceed(ReflectiveMethodInvocation.java:175)\r\n	at org.springframework.aop.framework.CglibAopProxy$CglibMethodInvocation.proceed(CglibAopProxy.java:750)\r\n	at org.springframework.aop.interceptor.ExposeInvocationInterceptor.invoke(ExposeInvocationInterceptor.java:97)\r\n	at org.springframework.aop.framework.ReflectiveMethodInvocation.proceed(ReflectiveMethodInvocation.java:186)\r\n	at org.springframework.aop.framework.CglibAopProxy$CglibMethodInvocation.proceed(CglibAopProxy.java:750)\r\n	at org.springframework.aop.framework.CglibAopProxy$DynamicAdvisedInterceptor.intercept(CglibAopProxy.java:692)\r\n	at com.snow.dcl.controller.SysUserController$$EnhancerBySpringCGLIB$$b485c0a0.save(<generated>)\r\n	at sun.reflect.NativeMethodAccessorImpl.invoke0(Native Method)\r\n	at sun.reflect.NativeMethodAccessorImpl.invoke(NativeMethodAccessorImpl.java:62)\r\n	at sun.reflect.DelegatingMethodAccessorImpl.invoke(DelegatingMethodAccessorImpl.java:43)\r\n	at java.lang.reflect.Method.invoke(Method.java:498)\r\n	at org.springframework.web.method.support.InvocableHandlerMethod.doInvoke(InvocableHandlerMethod', '2023-07-20 16:15:25');
INSERT INTO `sys_log` VALUES ('14', '新增用户', 'ERROR', 'com.snow.dcl.controller.SysUserController.save()', '{\"gender\":\"男\",\"nickName\":\"Dcl\",\"avatar\":\"https://wpimg.wallstcn.com/f778738c-e4f8-4870-b634-56703b4acafe.gif\",\"password\":\"123456\",\"phone\":\"15972130586\",\"email\":\"\",\"username\":\"Dcl\"}', '172.16.41.238', '79', 'admin', '内网IP', 'Chrome-114.0.0.0', 'java.lang.ArithmeticException: / by zero\r\n	at com.snow.dcl.service.impl.SysUserServiceImpl.save(SysUserServiceImpl.java:57)\r\n	at com.snow.dcl.controller.SysUserController.save(SysUserController.java:46)\r\n	at com.snow.dcl.controller.SysUserController$$FastClassBySpringCGLIB$$447a0ae1.invoke(<generated>)\r\n	at org.springframework.cglib.proxy.MethodProxy.invoke(MethodProxy.java:218)\r\n	at org.springframework.aop.framework.CglibAopProxy$CglibMethodInvocation.invokeJoinpoint(CglibAopProxy.java:779)\r\n	at org.springframework.aop.framework.ReflectiveMethodInvocation.proceed(ReflectiveMethodInvocation.java:163)\r\n	at org.springframework.aop.framework.CglibAopProxy$CglibMethodInvocation.proceed(CglibAopProxy.java:750)\r\n	at org.springframework.aop.aspectj.AspectJAfterThrowingAdvice.invoke(AspectJAfterThrowingAdvice.java:64)\r\n	at org.springframework.aop.framework.ReflectiveMethodInvocation.proceed(ReflectiveMethodInvocation.java:175)\r\n	at org.springframework.aop.framework.CglibAopProxy$CglibMethodInvocation.proceed(CglibAopProxy.java:750)\r\n	at org.springframework.aop.aspectj.MethodInvocationProceedingJoinPoint.proceed(MethodInvocationProceedingJoinPoint.java:89)\r\n	at com.snow.dcl.aspect.LogAspect.logAround(LogAspect.java:58)\r\n	at sun.reflect.NativeMethodAccessorImpl.invoke0(Native Method)\r\n	at sun.reflect.NativeMethodAccessorImpl.invoke(NativeMethodAccessorImpl.java:62)\r\n	at sun.reflect.DelegatingMethodAccessorImpl.invoke(DelegatingMethodAccessorImpl.java:43)\r\n	at java.lang.reflect.Method.invoke(Method.java:498)\r\n	at org.springframework.aop.aspectj.AbstractAspectJAdvice.invokeAdviceMethodWithGivenArgs(AbstractAspectJAdvice.java:634)\r\n	at org.springframework.aop.aspectj.AbstractAspectJAdvice.invokeAdviceMethod(AbstractAspectJAdvice.java:624)\r\n	at org.springframework.aop.aspectj.AspectJAroundAdvice.invoke(AspectJAroundAdvice.java:72)\r\n	at org.springframework.aop.framework.ReflectiveMethodInvocation.proceed(ReflectiveMethodInvocation.java:175)\r\n	at org.springframework.aop.framework.CglibAopProxy$CglibMethodInvocation.proceed(CglibAopProxy.java:750)\r\n	at org.springframework.aop.interceptor.ExposeInvocationInterceptor.invoke(ExposeInvocationInterceptor.java:97)\r\n	at org.springframework.aop.framework.ReflectiveMethodInvocation.proceed(ReflectiveMethodInvocation.java:186)\r\n	at org.springframework.aop.framework.CglibAopProxy$CglibMethodInvocation.proceed(CglibAopProxy.java:750)\r\n	at org.springframework.aop.framework.CglibAopProxy$DynamicAdvisedInterceptor.intercept(CglibAopProxy.java:692)\r\n	at com.snow.dcl.controller.SysUserController$$EnhancerBySpringCGLIB$$7443800d.save(<generated>)\r\n	at sun.reflect.NativeMethodAccessorImpl.invoke0(Native Method)\r\n	at sun.reflect.NativeMethodAccessorImpl.invoke(NativeMethodAccessorImpl.java:62)\r\n	at sun.reflect.DelegatingMethodAccessorImpl.invoke(DelegatingMethodAccessorImpl.java:43)\r\n	at java.lang.reflect.Method.invoke(Method.java:498)\r\n	at org.springframework.web.method.support.InvocableHandlerMethod.doInvoke(InvocableHandlerMethod.java:197)\r\n	at org.springframework.web.method.support.InvocableHandlerMethod.invokeForRequest(InvocableHandlerMethod.java:141)\r\n	at org.springframework.web.servlet.mvc.method.annotation.ServletInvocableHandlerMethod.invokeAndHandle(ServletInvocableHandlerMethod.java:106)\r\n	at org.springframework.web.servlet.mvc.method.annotation.RequestMappingHandlerAdapter.invokeHandlerMethod(RequestMappingHandlerAdapter.java:895)\r\n	at org.springframework.web.servlet.mvc.method.annotation.RequestMappingHandlerAdapter.handleInternal(RequestMappingHandlerAdapter.java:808)\r\n	at org.springframework.web.servlet.mvc.method.AbstractHandlerMethodAdapter.handle(AbstractHandlerMethodAdapter.java:87)\r\n	at org.springframework.web.servlet.DispatcherServlet.doDispatch(DispatcherServlet.java:1064)\r\n	at org.springframework.web.servlet.DispatcherServlet.doService(DispatcherServlet.java:963)\r\n	at org.springframework.web.servlet.FrameworkServlet.processRequest(FrameworkServlet.java:1006)\r\n	at org.springframework.web.servlet.FrameworkServlet.doPost(FrameworkServlet.java:909)\r\n	at javax.servlet.http.HttpServlet.service(HttpServlet.java:681)\r\n	at org.springframework.web.servlet.FrameworkServlet.service(FrameworkServlet.java:883)\r\n	at javax.servlet.http.HttpServlet.service(HttpServlet.java:764)\r\n	at org.apache.catalina.core.ApplicationFilterChain.internalDoFilter(ApplicationFilterChain.java:227)\r\n	at org.apache.catalina.core.ApplicationFilterChain.doFilter(ApplicationFilterChain.java:162)\r\n	at org.apache.tomcat.websocket.server.WsFilter.doFilter(WsFilter.java:53)\r\n	at org.apache.catalina.core.ApplicationFilterChain.internalDoFilter(ApplicationFilterChain.java:189)\r\n	at org.apache.catalina.core.ApplicationFilterChain.doFilter(ApplicationFilterChain.java:162)\r\n	at org.springframework.web.filter.OncePerRequestFilter.doFilter(OncePerRequestFilter.java:113)\r\n	at org.apache.catalina.core.ApplicationFilterChain.internalDoFilter(ApplicationFilterChain.java:189)\r\n	at org.apache.catalina.core.ApplicationFilterChain.doFilter(ApplicationFilterChain.java:162)\r\n	at org.springframework.web.filter.OncePerRequestFilter.doFilter(OncePerRequestFilter.java:113)\r\n	at org.apache.catalina.core.ApplicationFilterChain.internalDoFilter(ApplicationFilterChain.java:189)\r\n	at org.apache.catalina.core.ApplicationFilterChain.doFilter(ApplicationFilterChain.java:162)\r\n	at com.snow.dcl.handler.JwtTokenAuthenticationFilter.doFilterInternal(JwtTokenAuthenticationFilter.java:56)\r\n	at org.springframework.web.filter.OncePerRequestFilter.doFilter(OncePerRequestFilter.java:119)\r\n	at org.apache.catalina.core.ApplicationFilterChain.internalDoFilter(ApplicationFilterChain.java:189)\r\n	at org.apache.catalina.core.ApplicationFilterChain.doFilter(ApplicationFilterChain.java:162)\r\n	at org.springframework.security.web.FilterChainProxy$VirtualFilterChain.doFilter(FilterChainProxy.java:327)\r\n	at org.springframework.security.web.access.intercept.FilterSecurityInterceptor.invoke(FilterSecurityInterceptor.java:115)\r\n	at org.springframework.security.web.access.intercept.FilterSecurityInterceptor.doFilter(FilterSecurityInterceptor.java:81)\r\n	at org.springframework.security.web.FilterChainProxy$VirtualFilterChain.doFilter(FilterChainProxy.java:336)\r\n	at org.springframework.security.web.access.ExceptionTranslationFilter.doFilter(ExceptionTranslationFilter.java:121)\r\n	at org.springframework.security.web.access.ExceptionTranslationFilter.doFilter(ExceptionTranslationFilter.java:115)\r\n	at org.springframework.security.web.FilterChainProxy$VirtualFilterChain.doFilter(FilterChainProxy.java:336)\r\n	at org.springframework.security.web.session.SessionManagementFilter.doFilter(SessionManagementFilter.java:126)\r\n	at org.springframework.security.web.session.SessionManagementFilter.doFilter(SessionManagementFilter.java:81)\r\n	at org.springframework.security.web.FilterChainProxy$VirtualFilterChain.doFilter(FilterChainProxy.java:336)\r\n	at org.springframework.security.web.authentication.AnonymousAuthenticationFilter.doFilter(AnonymousAuthenticationFilter.java:105)\r\n	at org.springframework.security.web.FilterChainProxy$VirtualFilterChain.doFilter(FilterChainProxy.java:336)\r\n	at org.springframework.security.web.servletapi.SecurityContextHolderAwareRequestFilter.doFilter(SecurityContextHolderAwareRequestFilter.java:149)\r\n	at org.springframework.security.web.FilterChainProxy$VirtualFilterChain.doFilter(FilterChainProxy.java:336)\r\n	at org.springframework.security.web.savedrequest.RequestCacheAwareFilter.doFilter(RequestCacheAwareFilter.java:63)\r\n	at org.springframework.security.web.FilterChainProxy$VirtualFilterChain.doFilter(FilterChainProxy.java:336)\r\n	at com.snow.dcl.handler.JwtTokenAuthenticationFilter.doFilterInternal(JwtTokenAuthenticationFilter.java:84)\r\n	at org.springframework.web.filter.OncePerRequestFilter.doFilter(OncePerRequestFilter.java:119)\r\n	at org.springframework.security.web.FilterChainProxy$VirtualFilterChain.doFilter(FilterChainProxy.java:336)\r\n	at org.springframework.security.web.authentication.logout.LogoutFilter.doFilter(LogoutFilter.java:103)\r\n	at org.springframework.security.web.authentication.logout.LogoutFilter.doFilter(LogoutFilter.java:89)\r\n	at org.springframework.security.web.FilterChainProxy$VirtualFilterChain.doFilter(FilterChainProxy.java:336)\r\n	at org.springframework.web.filter.CorsFilter.doFilterInternal(CorsFilter.java:91)\r\n	at org.springframework.web.filter.OncePerRequestFilter.doFilter(OncePerRequestFilter.java:119)\r\n	at org.springframework.security.web.FilterChainProxy$VirtualFilterChain.doFilter(FilterChainProxy.java:336)\r\n	at org.springframework.security.web.header.HeaderWriterFilter.doHeadersAfter(HeaderWriterFilter.java:90)\r\n	at org.springframework.security.web.header.HeaderWriterFilter.doFilterInternal(HeaderWriterFilter.java:75)\r\n	at org.springframework.web.filter.OncePerRequestFilter.doFilter(OncePerRequestFilter.java:119)\r\n	at org.springframework.security.web.FilterChainProxy$VirtualFilterChain.doFilter(FilterChainProxy.java:336)\r\n	at org.springframework.security.web.context.SecurityContextPersistenceFilter.doFilter(SecurityContextPersistenceFilter.java:110)\r\n	at org.springframework.security.web.context.SecurityContextPersistenceFilter.doFilter(SecurityContextPersistenceFilter.java:80)\r\n	at org.springframework.security.web.FilterChainProxy$VirtualFilterChain.doFilter(FilterChainProxy.java:336)\r\n	at org.springframework.security.web.context.request.async.WebAsyncManagerIntegrationFilter.doFilterInternal(WebAsyncManagerIntegrationFilter.java:55)\r\n	at org.springframework.web.filter.OncePerRequestFilter.doFilter(OncePerRequestFilter.java:119)\r\n	at org.springframework.security.web.FilterChainProxy$VirtualFilterChain.doFilter(FilterChainProxy.java:336)\r\n	at org.springframework.security.web.FilterChainProxy.doFilterInternal(FilterChainProxy.java:211)\r\n	at org.springframework.security.web.FilterChainProxy.doFilter(FilterChainProxy.java:183)\r\n	at org.springframework.web.filter.DelegatingFilterProxy.invokeDelegate(DelegatingFilterProxy.java:358)\r\n	at org.springframework.web.filter.DelegatingFilterProxy.doFilter(DelegatingFilterProxy.java:271)\r\n	at org.apache.catalina.core.ApplicationFilterChain.internalDoFilter(ApplicationFilterChain.java:189)\r\n	at org.apache.catalina.core.ApplicationFilterChain.doFilter(ApplicationFilterChain.java:162)\r\n	at org.springframework.web.filter.RequestContextFilter.doFilterInternal(RequestContextFilter.java:100)\r\n	at org.springframework.web.filter.OncePerRequestFilter.doFilter(OncePerRequestFilter.java:119)\r\n	at org.apache.catalina.core.ApplicationFilterChain.internalDoFilter(ApplicationFilterChain.java:189)\r\n	at org.apache.catalina.core.ApplicationFilterChain.doFilter(ApplicationFilterChain.java:162)\r\n	at org.springframework.web.filter.FormContentFilter.doFilterInternal(FormContentFilter.java:93)\r\n	at org.springframework.web.filter.OncePerRequestFilter.doFilter(OncePerRequestFilter.java:119)\r\n	at org.apache.catalina.core.ApplicationFilterChain.internalDoFilter(ApplicationFilterChain.java:189)\r\n	at org.apache.catalina.core.ApplicationFilterChain.doFilter(ApplicationFilterChain.java:162)\r\n	at org.springframework.web.filter.CharacterEncodingFilter.doFilterInternal(CharacterEncodingFilter.java:201)\r\n	at org.springframework.web.filter.OncePerRequestFilter.doFilter(OncePerRequestFilter.java:119)\r\n	at org.apache.catalina.core.ApplicationFilterChain.internalDoFilter(ApplicationFilterChain.java:189)\r\n	at org.apache.catalina.core.ApplicationFilterChain.doFilter(ApplicationFilterChain.java:162)\r\n	at org.apache.catalina.core.StandardWrapperValve.invoke(StandardWrapperValve.java:197)\r\n	at org.apache.catalina.core.StandardContextValve.invoke(StandardContextValve.java:97)\r\n	at org.apache.catalina.authenticator.AuthenticatorBase.invoke(AuthenticatorBase.java:542)\r\n	at org.apache.catalina.core.StandardHostValve.invoke(StandardHostValve.java:135)\r\n	at org.apache.catalina.valves.ErrorReportValve.invoke(ErrorReportValve.java:92)\r\n	at org.apache.catalina.core.StandardEngineValve.invoke(StandardEngineValve.java:78)\r\n	at org.apache.catalina.connector.CoyoteAdapter.service(CoyoteAdapter.java:357)\r\n	at org.apache.coyote.http11.Http11Processor.service(Http11Processor.java:382)\r\n	at org.apache.coyote.AbstractProcessorLight.process(AbstractProcessorLight.java:65)\r\n	at org.apache.coyote.AbstractProtocol$ConnectionHandler.process(AbstractProtocol.java:893)\r\n	at org.apache.tomcat.util.net.NioEndpoint$SocketProcessor.doRun(NioEndpoint.java:1726)\r\n	at org.apache.tomcat.util.net.SocketProcessorBase.run(SocketProcessorBase.java:49)\r\n	at org.apache.tomcat.util.threads.ThreadPoolExecutor.runWorker(ThreadPoolExecutor.java:1191)\r\n	at org.apache.tomcat.util.threads.ThreadPoolExecutor$Worker.run(ThreadPoolExecutor.java:659)\r\n	at org.apache.tomcat.util.threads.TaskThread$WrappingRunnable.run(TaskThread.java:61)\r\n	at java.lang.Thread.run(Thread.java:748)\r', '2023-07-20 16:16:55');
INSERT INTO `sys_log` VALUES ('15', '用户登出', 'INFO', 'com.snow.dcl.controller.LoginController.logout()', '', '172.16.41.238', '5', 'admin', '内网IP', 'Chrome-114.0.0.0', null, '2023-07-20 16:21:53');
INSERT INTO `sys_log` VALUES ('16', '用户登录', 'INFO', 'com.snow.dcl.controller.LoginController.login()', '{\"username\":\"admin\"}', '192.168.6.29', '401', 'admin', '内网IP', 'Chrome-114.0.0.0', null, '2023-07-26 16:18:38');
INSERT INTO `sys_log` VALUES ('17', '用户登录', 'INFO', 'com.snow.dcl.controller.LoginController.login()', '{\"username\":\"admin\"}', '10.0.0.3', '389', 'admin', '内网IP', 'Chrome-115.0.0.0', null, '2023-07-29 00:22:28');
INSERT INTO `sys_log` VALUES ('18', '用户登出', 'INFO', 'com.snow.dcl.controller.LoginController.logout()', '', '10.0.0.3', '1', 'admin', '内网IP', 'Chrome-115.0.0.0', null, '2023-07-29 00:23:32');
INSERT INTO `sys_log` VALUES ('19', '用户登录', 'INFO', 'com.snow.dcl.controller.LoginController.login()', '{\"username\":\"admin\"}', '10.0.0.3', '108', 'admin', '内网IP', 'Chrome-115.0.0.0', null, '2023-07-29 00:32:52');
INSERT INTO `sys_log` VALUES ('20', '用户登录', 'INFO', 'com.snow.dcl.controller.LoginController.login()', '{\"username\":\"admin\"}', '10.0.0.3', '294', 'admin', '内网IP', 'Chrome-115.0.0.0', null, '2023-07-29 00:52:35');
INSERT INTO `sys_log` VALUES ('21', '用户登出', 'INFO', 'com.snow.dcl.controller.LoginController.logout()', '', '10.0.0.3', '3', 'admin', '内网IP', 'Chrome-115.0.0.0', null, '2023-07-29 00:52:51');
INSERT INTO `sys_log` VALUES ('22', '用户登录', 'INFO', 'com.snow.dcl.controller.LoginController.login()', '{\"username\":\"admin\"}', '10.0.0.3', '143', 'admin', '内网IP', 'Chrome-115.0.0.0', null, '2023-07-29 00:52:56');
INSERT INTO `sys_log` VALUES ('23', '用户登录', 'INFO', 'com.snow.dcl.controller.LoginController.login()', '{\"username\":\"admin\"}', '10.0.0.3', '117', 'admin', '内网IP', 'Chrome-115.0.0.0', null, '2023-07-29 00:54:33');
INSERT INTO `sys_log` VALUES ('24', '用户登录', 'INFO', 'com.snow.dcl.controller.LoginController.login()', '{\"username\":\"admin\"}', '10.0.0.3', '393', 'admin', '内网IP', 'Chrome-115.0.0.0', null, '2023-07-29 11:26:26');
INSERT INTO `sys_log` VALUES ('25', '用户登录', 'INFO', 'com.snow.dcl.controller.LoginController.login()', '{\"username\":\"admin\"}', '10.0.0.3', '320', 'admin', '内网IP', 'Chrome-115.0.0.0', null, '2023-07-29 16:32:40');
INSERT INTO `sys_log` VALUES ('26', '用户登录', 'INFO', 'com.snow.dcl.controller.LoginController.login()', '{\"username\":\"admin\"}', '10.0.0.3', '114', 'admin', '内网IP', 'Chrome-115.0.0.0', null, '2023-07-30 21:22:19');
INSERT INTO `sys_log` VALUES ('27', '用户登录', 'INFO', 'com.snow.dcl.controller.LoginController.login()', '{\"username\":\"admin\"}', '172.16.41.238', '368', 'admin', '内网IP', 'Chrome-115.0.0.0', null, '2023-07-31 15:51:50');
INSERT INTO `sys_log` VALUES ('28', '用户登录', 'INFO', 'com.snow.dcl.controller.LoginController.login()', '{\"username\":\"admin\"}', '172.16.41.238', '323', 'admin', '内网IP', 'Chrome-115.0.0.0', null, '2023-07-31 16:32:17');
INSERT INTO `sys_log` VALUES ('29', '用户登录', 'INFO', 'com.snow.dcl.controller.LoginController.login()', '{\"username\":\"admin\"}', '172.16.41.238', '87', 'admin', '内网IP', 'Chrome-115.0.0.0', null, '2023-07-31 16:32:37');
INSERT INTO `sys_log` VALUES ('30', '用户登录', 'INFO', 'com.snow.dcl.controller.LoginController.login()', '{\"username\":\"admin\"}', '172.16.41.238', '88', 'admin', '内网IP', 'Chrome-115.0.0.0', null, '2023-08-01 09:19:48');
INSERT INTO `sys_log` VALUES ('31', '用户登录', 'INFO', 'com.snow.dcl.controller.LoginController.login()', '{\"username\":\"admin\"}', '172.16.41.238', '84', 'admin', '内网IP', 'Chrome-115.0.0.0', null, '2023-08-01 09:24:13');
INSERT INTO `sys_log` VALUES ('32', '用户登录', 'INFO', 'com.snow.dcl.controller.LoginController.login()', '{\"username\":\"admin\"}', '172.16.41.238', '333', 'admin', '内网IP', 'Chrome-115.0.0.0', null, '2023-08-01 09:25:55');
INSERT INTO `sys_log` VALUES ('33', '用户登录', 'INFO', 'com.snow.dcl.controller.LoginController.login()', '{\"username\":\"admin\"}', '172.16.41.238', '85', 'admin', '内网IP', 'Chrome-115.0.0.0', null, '2023-08-01 09:26:18');
INSERT INTO `sys_log` VALUES ('34', '用户登录', 'INFO', 'com.snow.dcl.controller.LoginController.login()', '{\"username\":\"admin\"}', '172.16.41.238', '90', 'admin', '内网IP', 'Chrome-115.0.0.0', null, '2023-08-01 09:30:57');
INSERT INTO `sys_log` VALUES ('35', '用户登录', 'INFO', 'com.snow.dcl.controller.LoginController.login()', '{\"username\":\"admin\"}', '172.16.41.238', '76475', 'admin', '内网IP', 'Chrome-115.0.0.0', null, '2023-08-01 09:33:17');
INSERT INTO `sys_log` VALUES ('36', '用户登录', 'INFO', 'com.snow.dcl.controller.LoginController.login()', '{\"username\":\"admin\"}', '172.16.41.238', '312', 'admin', '内网IP', 'Chrome-115.0.0.0', null, '2023-08-01 09:34:07');
INSERT INTO `sys_log` VALUES ('37', '用户登录', 'INFO', 'com.snow.dcl.controller.LoginController.login()', '{\"username\":\"admin\"}', '172.16.41.238', '307', 'admin', '内网IP', 'Chrome-115.0.0.0', null, '2023-08-01 10:20:59');
INSERT INTO `sys_log` VALUES ('38', '用户登录', 'INFO', 'com.snow.dcl.controller.LoginController.login()', '{\"username\":\"admin\"}', '172.16.41.238', '80', 'admin', '内网IP', 'Chrome-115.0.0.0', null, '2023-08-01 10:21:20');
INSERT INTO `sys_log` VALUES ('39', '用户登录', 'INFO', 'com.snow.dcl.controller.LoginController.login()', '{\"username\":\"admin\"}', '172.16.41.238', '87', 'admin', '内网IP', 'Chrome-115.0.0.0', null, '2023-08-01 10:31:55');
INSERT INTO `sys_log` VALUES ('40', '用户登录', 'INFO', 'com.snow.dcl.controller.LoginController.login()', '{\"username\":\"admin\"}', '172.16.41.238', '93', 'admin', '内网IP', 'Chrome-115.0.0.0', null, '2023-08-01 10:36:38');
INSERT INTO `sys_log` VALUES ('41', '用户登录', 'INFO', 'com.snow.dcl.controller.LoginController.login()', '{\"username\":\"admin\"}', '172.16.41.238', '82', 'admin', '内网IP', 'Chrome-115.0.0.0', null, '2023-08-01 10:38:23');
INSERT INTO `sys_log` VALUES ('42', '用户登录', 'INFO', 'com.snow.dcl.controller.LoginController.login()', '{\"username\":\"admin\"}', '172.16.41.238', '78', 'admin', '内网IP', 'Chrome-115.0.0.0', null, '2023-08-01 10:38:38');
INSERT INTO `sys_log` VALUES ('43', '用户登录', 'INFO', 'com.snow.dcl.controller.LoginController.login()', '{\"username\":\"admin\"}', '172.16.41.238', '83', 'admin', '内网IP', 'Chrome-115.0.0.0', null, '2023-08-01 10:39:54');
INSERT INTO `sys_log` VALUES ('44', '用户登录', 'INFO', 'com.snow.dcl.controller.LoginController.login()', '{\"username\":\"admin\"}', '172.16.41.238', '75', 'admin', '内网IP', 'Chrome-115.0.0.0', null, '2023-08-01 10:40:38');
INSERT INTO `sys_log` VALUES ('45', '用户登录', 'INFO', 'com.snow.dcl.controller.LoginController.login()', '{\"username\":\"admin\"}', '172.16.41.238', '78', 'admin', '内网IP', 'Chrome-115.0.0.0', null, '2023-08-01 10:41:42');
INSERT INTO `sys_log` VALUES ('46', '用户登录', 'INFO', 'com.snow.dcl.controller.LoginController.login()', '{\"username\":\"admin\"}', '172.16.41.238', '102', 'admin', '内网IP', 'Chrome-115.0.0.0', null, '2023-08-01 10:43:35');
INSERT INTO `sys_log` VALUES ('47', '用户登录', 'INFO', 'com.snow.dcl.controller.LoginController.login()', '{\"username\":\"admin\"}', '172.16.41.238', '75', 'admin', '内网IP', 'Chrome-115.0.0.0', null, '2023-08-01 10:43:58');
INSERT INTO `sys_log` VALUES ('48', '用户登录', 'INFO', 'com.snow.dcl.controller.LoginController.login()', '{\"username\":\"admin\"}', '172.16.41.238', '72', 'admin', '内网IP', 'Chrome-115.0.0.0', null, '2023-08-01 10:44:15');
INSERT INTO `sys_log` VALUES ('49', '用户登录', 'INFO', 'com.snow.dcl.controller.LoginController.login()', '{\"username\":\"admin\"}', '172.16.41.238', '85', 'admin', '内网IP', 'Chrome-115.0.0.0', null, '2023-08-01 10:48:27');
INSERT INTO `sys_log` VALUES ('50', '用户登录', 'INFO', 'com.snow.dcl.controller.LoginController.login()', '{\"username\":\"admin\"}', '172.16.41.238', '77', 'admin', '内网IP', 'Chrome-115.0.0.0', null, '2023-08-01 10:49:30');
INSERT INTO `sys_log` VALUES ('51', '用户登录', 'INFO', 'com.snow.dcl.controller.LoginController.login()', '{\"username\":\"admin\"}', '172.16.41.238', '70', 'admin', '内网IP', 'Chrome-115.0.0.0', null, '2023-08-01 10:49:46');
INSERT INTO `sys_log` VALUES ('52', '用户登录', 'INFO', 'com.snow.dcl.controller.LoginController.login()', '{\"username\":\"admin\"}', '172.16.41.238', '74', 'admin', '内网IP', 'Chrome-115.0.0.0', null, '2023-08-01 10:50:12');
INSERT INTO `sys_log` VALUES ('53', '用户登录', 'INFO', 'com.snow.dcl.controller.LoginController.login()', '{\"username\":\"admin\"}', '172.16.41.238', '318', 'admin', '内网IP', 'Chrome-115.0.0.0', null, '2023-08-01 10:52:43');
INSERT INTO `sys_log` VALUES ('54', '用户登录', 'INFO', 'com.snow.dcl.controller.LoginController.login()', '{\"username\":\"admin\"}', '172.16.41.238', '83', 'admin', '内网IP', 'Chrome-115.0.0.0', null, '2023-08-01 10:53:30');
INSERT INTO `sys_log` VALUES ('55', '用户登录', 'INFO', 'com.snow.dcl.controller.LoginController.login()', '{\"username\":\"admin\"}', '172.16.41.238', '71', 'admin', '内网IP', 'Chrome-115.0.0.0', null, '2023-08-01 10:54:09');
INSERT INTO `sys_log` VALUES ('56', '用户登录', 'INFO', 'com.snow.dcl.controller.LoginController.login()', '{\"username\":\"admin\"}', '172.16.41.238', '79', 'admin', '内网IP', 'Chrome-115.0.0.0', null, '2023-08-01 10:54:36');
INSERT INTO `sys_log` VALUES ('57', '用户登录', 'INFO', 'com.snow.dcl.controller.LoginController.login()', '{\"username\":\"admin\"}', '172.16.41.238', '78', 'admin', '内网IP', 'Chrome-115.0.0.0', null, '2023-08-01 10:55:06');
INSERT INTO `sys_log` VALUES ('58', '用户登录', 'INFO', 'com.snow.dcl.controller.LoginController.login()', '{\"username\":\"admin\"}', '172.16.41.238', '76', 'admin', '内网IP', 'Chrome-115.0.0.0', null, '2023-08-01 10:55:39');
INSERT INTO `sys_log` VALUES ('59', '用户登录', 'INFO', 'com.snow.dcl.controller.LoginController.login()', '{\"username\":\"admin\"}', '172.16.41.238', '82', 'admin', '内网IP', 'Chrome-115.0.0.0', null, '2023-08-01 10:58:40');
INSERT INTO `sys_log` VALUES ('60', '用户登录', 'INFO', 'com.snow.dcl.controller.LoginController.login()', '{\"username\":\"admin\"}', '172.16.41.238', '79', 'admin', '内网IP', 'Chrome-115.0.0.0', null, '2023-08-01 11:00:58');
INSERT INTO `sys_log` VALUES ('61', '用户登录', 'INFO', 'com.snow.dcl.controller.LoginController.login()', '{\"username\":\"admin\"}', '172.16.41.238', '79', 'admin', '内网IP', 'Chrome-115.0.0.0', null, '2023-08-01 11:04:07');
INSERT INTO `sys_log` VALUES ('62', '用户登录', 'INFO', 'com.snow.dcl.controller.LoginController.login()', '{\"username\":\"admin\"}', '172.16.41.238', '89', 'admin', '内网IP', 'Chrome-115.0.0.0', null, '2023-08-01 11:04:43');
INSERT INTO `sys_log` VALUES ('63', '用户登录', 'INFO', 'com.snow.dcl.controller.LoginController.login()', '{\"username\":\"admin\"}', '172.16.41.238', '75', 'admin', '内网IP', 'Chrome-115.0.0.0', null, '2023-08-01 11:05:10');
INSERT INTO `sys_log` VALUES ('64', '用户登录', 'INFO', 'com.snow.dcl.controller.LoginController.login()', '{\"username\":\"admin\"}', '172.16.41.238', '72', 'admin', '内网IP', 'Chrome-115.0.0.0', null, '2023-08-01 11:05:14');
INSERT INTO `sys_log` VALUES ('65', '用户登录', 'INFO', 'com.snow.dcl.controller.LoginController.login()', '{\"username\":\"admin\"}', '172.16.41.238', '81', 'admin', '内网IP', 'Chrome-115.0.0.0', null, '2023-08-01 11:06:37');
INSERT INTO `sys_log` VALUES ('66', '用户登录', 'INFO', 'com.snow.dcl.controller.LoginController.login()', '{\"username\":\"admin\"}', '172.16.41.238', '71', 'admin', '内网IP', 'Chrome-115.0.0.0', null, '2023-08-01 11:07:02');
INSERT INTO `sys_log` VALUES ('67', '用户登出', 'INFO', 'com.snow.dcl.controller.LoginController.logout()', '', '172.16.41.238', '2', 'admin', '内网IP', 'Chrome-115.0.0.0', null, '2023-08-01 11:09:05');
INSERT INTO `sys_log` VALUES ('68', '用户登录', 'INFO', 'com.snow.dcl.controller.LoginController.login()', '{\"username\":\"admin\"}', '172.16.41.238', '71', 'admin', '内网IP', 'Chrome-115.0.0.0', null, '2023-08-01 11:09:13');
INSERT INTO `sys_log` VALUES ('69', '用户登录', 'INFO', 'com.snow.dcl.controller.LoginController.login()', '{\"username\":\"admin\"}', '172.16.41.238', '70', 'admin', '内网IP', 'Chrome-115.0.0.0', null, '2023-08-01 11:27:20');
INSERT INTO `sys_log` VALUES ('70', '用户登出', 'INFO', 'com.snow.dcl.controller.LoginController.logout()', '', '172.16.41.238', '2', 'admin', '内网IP', 'Chrome-115.0.0.0', null, '2023-08-01 14:22:55');
INSERT INTO `sys_log` VALUES ('71', '用户登录', 'INFO', 'com.snow.dcl.controller.LoginController.login()', '{\"username\":\"admin\"}', '172.16.41.238', '85', 'admin', '内网IP', 'Chrome-115.0.0.0', null, '2023-08-01 14:41:57');
INSERT INTO `sys_log` VALUES ('72', '用户登出', 'INFO', 'com.snow.dcl.controller.LoginController.logout()', '', '172.16.41.238', '1', 'admin', '内网IP', 'Chrome-115.0.0.0', null, '2023-08-01 14:42:00');
INSERT INTO `sys_log` VALUES ('73', '用户登录', 'INFO', 'com.snow.dcl.controller.LoginController.login()', '{\"username\":\"admin\"}', '172.16.41.238', '78', 'admin', '内网IP', 'Chrome-115.0.0.0', null, '2023-08-01 15:27:09');
INSERT INTO `sys_log` VALUES ('74', '用户登录', 'INFO', 'com.snow.dcl.controller.LoginController.login()', '{\"username\":\"admin\"}', '172.16.41.238', '322', 'admin', '内网IP', 'Chrome-115.0.0.0', null, '2023-08-01 15:28:07');
INSERT INTO `sys_log` VALUES ('75', '用户登出', 'INFO', 'com.snow.dcl.controller.LoginController.logout()', '', '172.16.41.238', '5', 'admin', '内网IP', 'Chrome-115.0.0.0', null, '2023-08-01 15:40:45');
INSERT INTO `sys_log` VALUES ('76', '用户登录', 'ERROR', 'com.snow.dcl.controller.LoginController.login()', '{\"username\":\"admin\"}', '172.16.41.238', '2', 'admin', '内网IP', 'Chrome-115.0.0.0', 'CustomException(code=null, message=验证码错误！)\r\n	at com.snow.dcl.service.impl.CaptchaServiceImpl.verification(CaptchaServiceImpl.java:81)\r\n	at com.snow.dcl.service.impl.LoginServiceImpl.login(LoginServiceImpl.java:64)\r\n	at com.snow.dcl.controller.LoginController.login(LoginController.java:47)\r\n	at com.snow.dcl.controller.LoginController$$FastClassBySpringCGLIB$$8674d812.invoke(<generated>)\r\n	at org.springframework.cglib.proxy.MethodProxy.invoke(MethodProxy.java:218)\r\n	at org.springframework.aop.framework.CglibAopProxy$CglibMethodInvocation.invokeJoinpoint(CglibAopProxy.java:779)\r\n	at org.springframework.aop.framework.ReflectiveMethodInvocation.proceed(ReflectiveMethodInvocation.java:163)\r\n	at org.springframework.aop.framework.CglibAopProxy$CglibMethodInvocation.proceed(CglibAopProxy.java:750)\r\n	at org.springframework.aop.aspectj.AspectJAfterThrowingAdvice.invoke(AspectJAfterThrowingAdvice.java:64)\r\n	at org.springframework.aop.framework.ReflectiveMethodInvocation.proceed(ReflectiveMethodInvocation.java:175)\r\n	at org.springframework.aop.framework.CglibAopProxy$CglibMethodInvocation.proceed(CglibAopProxy.java:750)\r\n	at org.springframework.aop.aspectj.MethodInvocationProceedingJoinPoint.proceed(MethodInvocationProceedingJoinPoint.java:89)\r\n	at com.snow.dcl.aspect.LogAspect.logAround(LogAspect.java:58)\r\n	at sun.reflect.NativeMethodAccessorImpl.invoke0(Native Method)\r\n	at sun.reflect.NativeMethodAccessorImpl.invoke(NativeMethodAccessorImpl.java:62)\r\n	at sun.reflect.DelegatingMethodAccessorImpl.invoke(DelegatingMethodAccessorImpl.java:43)\r\n	at java.lang.reflect.Method.invoke(Method.java:498)\r\n	at org.springframework.aop.aspectj.AbstractAspectJAdvice.invokeAdviceMethodWithGivenArgs(AbstractAspectJAdvice.java:634)\r\n	at org.springframework.aop.aspectj.AbstractAspectJAdvice.invokeAdviceMethod(AbstractAspectJAdvice.java:624)\r\n	at org.springframework.aop.aspectj.AspectJAroundAdvice.invoke(AspectJAroundAdvice.java:72)\r\n	at org.springframework.aop.framework.ReflectiveMethodInvocation.proceed(ReflectiveMethodInvocation.java:175)\r\n	at org.springframework.aop.framework.CglibAopProxy$CglibMethodInvocation.proceed(CglibAopProxy.java:750)\r\n	at org.springframework.aop.interceptor.ExposeInvocationInterceptor.invoke(ExposeInvocationInterceptor.java:97)\r\n	at org.springframework.aop.framework.ReflectiveMethodInvocation.proceed(ReflectiveMethodInvocation.java:186)\r\n	at org.springframework.aop.framework.CglibAopProxy$CglibMethodInvocation.proceed(CglibAopProxy.java:750)\r\n	at org.springframework.aop.framework.CglibAopProxy$DynamicAdvisedInterceptor.intercept(CglibAopProxy.java:692)\r\n	at com.snow.dcl.controller.LoginController$$EnhancerBySpringCGLIB$$2d790949.login(<generated>)\r\n	at sun.reflect.NativeMethodAccessorImpl.invoke0(Native Method)\r\n	at sun.reflect.NativeMethodAccessorImpl.invoke(NativeMethodAccessorImpl.java:62)\r\n	at sun.reflect.DelegatingMethodAccessorImpl.invoke(DelegatingMethodAccessorImpl.java:43)\r\n	at java.lang.reflect.Method.invoke(Method.java:498)\r\n	at org.springframework.web.method.support.InvocableHandlerMethod.doInvoke(InvocableHandlerMethod.java:197)\r\n	at org.springframework.web.method.support.InvocableHandlerMethod.invokeForRequest(InvocableHandlerMethod.java:141)\r\n	at org.springframework.web.servlet.mvc.method.annotation.ServletInvocableHandlerMethod.invokeAndHandle(ServletInvocableHandlerMethod.java:106)\r\n	at org.springframework.web.servlet.mvc.method.annotation.RequestMappingHandlerAdapter.invokeHandlerMethod(RequestMappingHandlerAdapter.java:895)\r\n	at org.springframework.web.servlet.mvc.method.annotation.RequestMappingHandlerAdapter.handleInternal(RequestMappingHandlerAdapter.java:808)\r\n	at org.springframework.web.servlet.mvc.method.AbstractHandlerMethodAdapter.handle(AbstractHandlerMethodAdapter.java:87)\r\n	at org.springframework.web.servlet.DispatcherServlet.doDispatch(DispatcherServlet.java:1064)\r\n	at org.springframework.web.servlet.DispatcherServlet.doService(DispatcherServlet.java:963)\r\n	at org.springframework.web.servlet.FrameworkServlet.processRequest(FrameworkServlet.java:1006)\r\n	at org.springframework.web.servlet.FrameworkServlet.doPost(FrameworkServlet.java:909)\r\n	at javax.servlet.http.HttpServlet.service(HttpServlet.java:681)\r\n	at org.springframework.web.servlet.FrameworkServlet.service(FrameworkServlet.java:883)\r\n	at javax.servlet.http.HttpServlet.service(HttpServlet.java:764)\r\n	at org.apache.catalina.core.ApplicationFilterChain.internalDoFilter(ApplicationFilterChain.java:227)\r\n	at org.apache.catalina.core.ApplicationFilterChain.doFilter(ApplicationFilterChain.java:162)\r\n	at org.apache.tomcat.websocket.server.WsFilter.doFilter(WsFilter.java:53)\r\n	at org.apache.catalina.core.ApplicationFilterChain.internalDoFilter(ApplicationFilterChain.java:189)\r\n	at org.apache.catalina.core.ApplicationFilterChain.doFilter(ApplicationFilterChain.java:162)\r\n	at org.springframework.web.filter.OncePerRequestFilter.doFilter(OncePerRequestFilter.java:113)\r\n	at org.apache.catalina.core.ApplicationFilterChain.internalDoFilter(ApplicationFilterChain.java:189)\r\n	at org.apache.catalina.core.ApplicationFilterChain.doFilter(ApplicationFilterChain.java:162)\r\n	at org.springframework.web.filter.OncePerRequestFilter.doFilter(OncePerRequestFilter.java:113)\r\n	at org.apache.catalina.core.ApplicationFilterChain.internalDoFilter(ApplicationFilterChain.java:189)\r\n	at org.apache.catalina.core.ApplicationFilterChain.doFilter(ApplicationFilterChain.java:162)\r\n	at com.snow.dcl.handler.JwtTokenAuthenticationFilter.doFilterInternal(JwtTokenAuthenticationFilter.java:56)\r\n	at org.springframework.web.filter.OncePerRequestFilter.doFilter(OncePerRequestFilter.java:119)\r\n	at org.apache.catalina.core.ApplicationFilterChain.internalDoFilter(ApplicationFilterChain.java:189)\r\n	at org.apache.catalina.core.ApplicationFilterChain.doFilter(ApplicationFilterChain.java:162)\r\n	at org.springframework.security.web.FilterChainProxy$VirtualFilterChain.doFilter(FilterChainProxy.java:327)\r\n	at org.springframework.security.web.access.intercept.FilterSecurityInterceptor.invoke(FilterSecurityInterceptor.java:115)\r\n	at org.springframework.security.web.access.intercept.FilterSecurityInterceptor.doFilter(FilterSecurityInterceptor.java:81)\r\n	at org.springframework.security.web.FilterChainProxy$VirtualFilterChain.doFilter(FilterChainProxy.java:336)\r\n	at org.springframework.security.web.access.ExceptionTranslationFilter.doFilter(ExceptionTranslationFilter.java:121)\r\n	at org.springframework.security.web.access.ExceptionTranslationFilter.doFilter(ExceptionTranslationFilter.java:115)\r\n	at org.springframework.security.web.FilterChainProxy$VirtualFilterChain.doFilter(FilterChainProxy.java:336)\r\n	at org.springframework.security.web.session.SessionManagementFilter.doFilter(SessionManagementFilter.java:126)\r\n	at org.springframework.security.web.session.SessionManagementFilter.doFilter(SessionManagementFilter.java:81)\r\n	at org.springframework.security.web.FilterChainProxy$VirtualFilterChain.doFilter(FilterChainProxy.java:336)\r\n	at org.springframework.security.web.authentication.AnonymousAuthenticationFilter.doFilter(AnonymousAuthenticationFilter.java:105)\r\n	at org.springframework.security.web.FilterChainProxy$VirtualFilterChain.doFilter(FilterChainProxy.java:336)\r\n	at org.springframework.security.web.servletapi.SecurityContextHolderAwareRequestFilter.doFilter(SecurityContextHolderAwareRequestFilter.java:149)\r\n	at org.springframework.security.web.FilterChainProxy$VirtualFilterChain.doFilter(FilterChainProxy.java:336)\r\n	at org.springframework.security.web.savedrequest.RequestCacheAwareFilter.doFilter(RequestCacheAwareFilter.java:63)\r\n	at org.springframework.security.web.FilterChainProxy$VirtualFilterChain.doFilter(FilterChainProxy.java:336)\r\n	at com.snow.dcl.handler.JwtTokenAuthenticationFilter.doFilterInternal(JwtTokenAuthenticationFilter.java:84)\r\n	at org.springframework.web.filter.OncePerRequestFilter.doFilter(OncePerRequestFilter.java:119)\r\n	at org.springframework.security.web.FilterChainProxy$VirtualFilterChain.doFilter(FilterChainProxy.java:336)\r\n	at org.springframework.security.web.authentication.logout.LogoutFilter.doFilter(LogoutFilter.java:103)\r\n	at org.springframework.security.web.authentication.logout.LogoutFilter.doFilter(LogoutFilter.java:89)\r\n	at org.springframework.security.web.FilterChainProxy$VirtualFilterChain.doFilter(FilterChainProxy.java:336)\r\n	at org.springframework.web.filter.CorsFilter.doFilterInternal(CorsFilter.java:91)\r\n	at org.springframework.web.filter.OncePerRequestFilter.doFilter(OncePerRequestFilter.java:119)\r\n	at org.springframework.security.web.FilterChainProxy$VirtualFilterChain.doFilter(FilterChainProxy.java:336)\r\n	at org.springframework.security.web.header.HeaderWriterFilter.doHeadersAfter(HeaderWriterFilter.java:90)\r\n	at org.springframework.security.web.header.HeaderWriterFilter.doFilterInternal(HeaderWriterFilter.java:75)\r\n	at org.springframework.web.filter.OncePerRequestFilter.doFilter(OncePerRequestFilter.java:119)\r\n	at org.springframework.security.web.FilterChainProxy$VirtualFilterChain.doFilter(FilterChainProxy.java:336)\r\n	at org.springframework.security.web.context.SecurityContextPersistenceFilter.doFilter(SecurityContextPersistenceFilter.java:110)\r\n	at org.springframework.security.web.context.SecurityContextPersistenceFilter.doFilter(SecurityContextPersistenceFilter.java:80)\r\n	at org.springframework.security.web.FilterChainProxy$VirtualFilterChain.doFilter(FilterChainProxy.java:336)\r\n	at org.springframework.security.web.context.request.async.WebAsyncManagerIntegrationFilter.doFilterInternal(WebAsyncManagerIntegrationFilter.java:55)\r\n	at org.springframework.web.filter.OncePerRequestFilter.doFilter(OncePerRequestFilter.java:119)\r\n	at org.springframework.security.web.FilterChainProxy$VirtualFilterChain.doFilter(FilterChainProxy.java:336)\r\n	at org.springframework.security.web.FilterChainProxy.doFilterInternal(FilterChainProxy.java:211)\r\n	at org.springframework.security.web.FilterChainProxy.doFilter(FilterChainProxy.java:183)\r\n	at org.springframework.web.filter.DelegatingFilterProxy.invokeDelegate(DelegatingFilterProxy.java:358)\r\n	at org.springframework.web.filter.DelegatingFilterProxy.doFilter(DelegatingFilterProxy.java:271)\r\n	at org.apache.catalina.core.ApplicationFilterChain.internalDoFilter(ApplicationFilterChain.java:189)\r\n	at org.apache.catalina.core.ApplicationFilterChain.doFilter(ApplicationFilterChain.java:162)\r\n	at org.springframework.web.filter.RequestContextFilter.doFilterInternal(RequestContextFilter.java:100)\r\n	at org.springframework.web.filter.OncePerRequestFilter.doFilter(OncePerRequestFilter.java:119)\r\n	at org.apache.catalina.core.ApplicationFilterChain.internalDoFilter(ApplicationFilterChain.java:189)\r\n	at org.apache.catalina.core.ApplicationFilterChain.doFilter(ApplicationFilterChain.java:162)\r\n	at org.springframework.web.filter.FormContentFilter.doFilterInternal(FormContentFilter.java:93)\r\n	at org.springframework.web.filter.OncePerRequestFilter.doFilter(OncePerRequestFilter.java:119)\r\n	at org.apache.catalina.core.ApplicationFilterChain.internalDoFilter(ApplicationFilterChain.java:189)\r\n	at org.apache.catalina.core.ApplicationFilterChain.doFilter(ApplicationFilterChain.java:162)\r\n	at org.springframework.web.filter.CharacterEncodingFilter.doFilterInternal(CharacterEncodingFilter.java:201)\r\n	at org.springframework.web.filter.OncePerRequestFilter.doFilter(OncePerRequestFilter.java:119)\r\n	at org.apache.catalina.core.ApplicationFilterChain.internalDoFilter(ApplicationFilterChain.java:189)\r\n	at org.apache.catalina.core.ApplicationFilterChain.doFilter(ApplicationFilterChain.java:162)\r\n	at org.apache.catalina.core.StandardWrapperValve.invoke(StandardWrapperValve.java:197)\r\n	at org.apache.catalina.core.StandardContextValve.invoke(StandardContextValve.java:97)\r\n	at org.apache.catalina.authenticator.AuthenticatorBase.invoke(AuthenticatorBase.java:542)\r\n	at org.apache.catalina.core.StandardHostValve.invoke(StandardHostValve.java:135)\r\n	at org.apache.catalina.valves.ErrorReportValve.invoke(ErrorReportValve.java:92)\r\n	at org.apache.catalina.core.StandardEngineValve.invoke(StandardEngineValve.java:78)\r\n	at org.apache.catalina.connector.CoyoteAdapter.service(CoyoteAdapter.java:357)\r\n	at org.apache.coyote.http11.Http11Processor.service(Http11Processor.java:382)\r\n	at org.apache.coyote.AbstractProcessorLight.process(AbstractProcessorLight.java:65)\r\n	at org.apache.coyote.AbstractProtocol$ConnectionHandler.process(AbstractProtocol.java:893)\r\n	at org.apache.tomcat.util.net.NioEndpoint$SocketProcessor.doRun(NioEndpoint.java:1726)\r\n	at org.apache.tomcat.util.net.SocketProcessorBase.run(SocketProcessorBase.java:49)\r\n	at org.apache.tomcat.util.threads.ThreadPoolExecutor.runWorker(ThreadPoolExecutor.java:1191)\r\n	at org.apache.tomcat.util.threads.ThreadPoolExecutor$Worker.run(ThreadPoolExecutor.java:659)\r\n	at org.apache.tomcat.util.threads.TaskThread$WrappingRunnable.run(TaskThread.java:61)\r\n	at java.lang.Thread.run(Thread.java:748)\r', '2023-08-01 15:40:50');
INSERT INTO `sys_log` VALUES ('77', '用户登录', 'INFO', 'com.snow.dcl.controller.LoginController.login()', '{\"username\":\"admin\"}', '172.16.41.238', '173', 'admin', '内网IP', 'Chrome-115.0.0.0', null, '2023-08-01 15:40:55');
INSERT INTO `sys_log` VALUES ('78', '用户登录', 'INFO', 'com.snow.dcl.controller.LoginController.login()', '{\"username\":\"admin\"}', '172.16.41.238', '329', 'admin', '内网IP', 'Chrome-115.0.0.0', null, '2023-08-02 08:46:57');
INSERT INTO `sys_log` VALUES ('79', '用户登出', 'INFO', 'com.snow.dcl.controller.LoginController.logout()', '', '172.16.41.238', '5', 'admin', '内网IP', 'Chrome-115.0.0.0', null, '2023-08-02 09:08:46');
INSERT INTO `sys_log` VALUES ('80', '用户登录', 'INFO', 'com.snow.dcl.controller.LoginController.login()', '{\"username\":\"admin\"}', '172.16.41.238', '166', 'admin', '内网IP', 'Chrome-115.0.0.0', null, '2023-08-02 09:08:49');
INSERT INTO `sys_log` VALUES ('81', '用户登录', 'ERROR', 'com.snow.dcl.controller.LoginController.login()', '{\"username\":\"admin\"}', '172.16.41.238', '1', 'admin', '内网IP', 'Chrome-115.0.0.0', 'CustomException(code=null, message=验证码不存在，请重新获取验证码！)\r\n	at com.snow.dcl.service.impl.CaptchaServiceImpl.verification(CaptchaServiceImpl.java:73)\r\n	at com.snow.dcl.service.impl.LoginServiceImpl.login(LoginServiceImpl.java:64)\r\n	at com.snow.dcl.controller.LoginController.login(LoginController.java:47)\r\n	at com.snow.dcl.controller.LoginController$$FastClassBySpringCGLIB$$8674d812.invoke(<generated>)\r\n	at org.springframework.cglib.proxy.MethodProxy.invoke(MethodProxy.java:218)\r\n	at org.springframework.aop.framework.CglibAopProxy$CglibMethodInvocation.invokeJoinpoint(CglibAopProxy.java:779)\r\n	at org.springframework.aop.framework.ReflectiveMethodInvocation.proceed(ReflectiveMethodInvocation.java:163)\r\n	at org.springframework.aop.framework.CglibAopProxy$CglibMethodInvocation.proceed(CglibAopProxy.java:750)\r\n	at org.springframework.aop.aspectj.AspectJAfterThrowingAdvice.invoke(AspectJAfterThrowingAdvice.java:64)\r\n	at org.springframework.aop.framework.ReflectiveMethodInvocation.proceed(ReflectiveMethodInvocation.java:175)\r\n	at org.springframework.aop.framework.CglibAopProxy$CglibMethodInvocation.proceed(CglibAopProxy.java:750)\r\n	at org.springframework.aop.aspectj.MethodInvocationProceedingJoinPoint.proceed(MethodInvocationProceedingJoinPoint.java:89)\r\n	at com.snow.dcl.aspect.LogAspect.logAround(LogAspect.java:58)\r\n	at sun.reflect.NativeMethodAccessorImpl.invoke0(Native Method)\r\n	at sun.reflect.NativeMethodAccessorImpl.invoke(NativeMethodAccessorImpl.java:62)\r\n	at sun.reflect.DelegatingMethodAccessorImpl.invoke(DelegatingMethodAccessorImpl.java:43)\r\n	at java.lang.reflect.Method.invoke(Method.java:498)\r\n	at org.springframework.aop.aspectj.AbstractAspectJAdvice.invokeAdviceMethodWithGivenArgs(AbstractAspectJAdvice.java:634)\r\n	at org.springframework.aop.aspectj.AbstractAspectJAdvice.invokeAdviceMethod(AbstractAspectJAdvice.java:624)\r\n	at org.springframework.aop.aspectj.AspectJAroundAdvice.invoke(AspectJAroundAdvice.java:72)\r\n	at org.springframework.aop.framework.ReflectiveMethodInvocation.proceed(ReflectiveMethodInvocation.java:175)\r\n	at org.springframework.aop.framework.CglibAopProxy$CglibMethodInvocation.proceed(CglibAopProxy.java:750)\r\n	at org.springframework.aop.interceptor.ExposeInvocationInterceptor.invoke(ExposeInvocationInterceptor.java:97)\r\n	at org.springframework.aop.framework.ReflectiveMethodInvocation.proceed(ReflectiveMethodInvocation.java:186)\r\n	at org.springframework.aop.framework.CglibAopProxy$CglibMethodInvocation.proceed(CglibAopProxy.java:750)\r\n	at org.springframework.aop.framework.CglibAopProxy$DynamicAdvisedInterceptor.intercept(CglibAopProxy.java:692)\r\n	at com.snow.dcl.controller.LoginController$$EnhancerBySpringCGLIB$$bbfb929e.login(<generated>)\r\n	at sun.reflect.NativeMethodAccessorImpl.invoke0(Native Method)\r\n	at sun.reflect.NativeMethodAccessorImpl.invoke(NativeMethodAccessorImpl.java:62)\r\n	at sun.reflect.DelegatingMethodAccessorImpl.invoke(DelegatingMethodAccessorImpl.java:43)\r\n	at java.lang.reflect.Method.invoke(Method.java:498)\r\n	at org.springframework.web.method.support.InvocableHandlerMethod.doInvoke(InvocableHandlerMethod.java:197)\r\n	at org.springframework.web.method.support.InvocableHandlerMethod.invokeForRequest(InvocableHandlerMethod.java:141)\r\n	at org.springframework.web.servlet.mvc.method.annotation.ServletInvocableHandlerMethod.invokeAndHandle(ServletInvocableHandlerMethod.java:106)\r\n	at org.springframework.web.servlet.mvc.method.annotation.RequestMappingHandlerAdapter.invokeHandlerMethod(RequestMappingHandlerAdapter.java:895)\r\n	at org.springframework.web.servlet.mvc.method.annotation.RequestMappingHandlerAdapter.handleInternal(RequestMappingHandlerAdapter.java:808)\r\n	at org.springframework.web.servlet.mvc.method.AbstractHandlerMethodAdapter.handle(AbstractHandlerMethodAdapter.java:87)\r\n	at org.springframework.web.servlet.DispatcherServlet.doDispatch(DispatcherServlet.java:1064)\r\n	at org.springframework.web.servlet.DispatcherServlet.doService(DispatcherServlet.java:963)\r\n	at org.springframework.web.servlet.FrameworkServlet.processRequest(FrameworkServlet.java:1006)\r\n	at org.springframework.web.servlet.FrameworkServlet.doPost(FrameworkServlet.java:909)\r\n	at javax.servlet.http.HttpServlet.service(HttpServlet.java:681)\r\n	at org.springframework.web.servlet.FrameworkServlet.service(FrameworkServlet.java:883)\r\n	at javax.servlet.http.HttpServlet.service(HttpServlet.java:764)\r\n	at org.apache.catalina.core.ApplicationFilterChain.internalDoFilter(ApplicationFilterChain.java:227)\r\n	at org.apache.catalina.core.ApplicationFilterChain.doFilter(ApplicationFilterChain.java:162)\r\n	at org.apache.tomcat.websocket.server.WsFilter.doFilter(WsFilter.java:53)\r\n	at org.apache.catalina.core.ApplicationFilterChain.internalDoFilter(ApplicationFilterChain.java:189)\r\n	at org.apache.catalina.core.ApplicationFilterChain.doFilter(ApplicationFilterChain.java:162)\r\n	at org.springframework.web.filter.OncePerRequestFilter.doFilter(OncePerRequestFilter.java:113)\r\n	at org.apache.catalina.core.ApplicationFilterChain.internalDoFilter(ApplicationFilterChain.java:189)\r\n	at org.apache.catalina.core.ApplicationFilterChain.doFilter(ApplicationFilterChain.java:162)\r\n	at org.springframework.web.filter.OncePerRequestFilter.doFilter(OncePerRequestFilter.java:113)\r\n	at org.apache.catalina.core.ApplicationFilterChain.internalDoFilter(ApplicationFilterChain.java:189)\r\n	at org.apache.catalina.core.ApplicationFilterChain.doFilter(ApplicationFilterChain.java:162)\r\n	at com.snow.dcl.handler.JwtTokenAuthenticationFilter.doFilterInternal(JwtTokenAuthenticationFilter.java:56)\r\n	at org.springframework.web.filter.OncePerRequestFilter.doFilter(OncePerRequestFilter.java:119)\r\n	at org.apache.catalina.core.ApplicationFilterChain.internalDoFilter(ApplicationFilterChain.java:189)\r\n	at org.apache.catalina.core.ApplicationFilterChain.doFilter(ApplicationFilterChain.java:162)\r\n	at org.springframework.security.web.FilterChainProxy$VirtualFilterChain.doFilter(FilterChainProxy.java:327)\r\n	at org.springframework.security.web.access.intercept.FilterSecurityInterceptor.invoke(FilterSecurityInterceptor.java:115)\r\n	at org.springframework.security.web.access.intercept.FilterSecurityInterceptor.doFilter(FilterSecurityInterceptor.java:81)\r\n	at org.springframework.security.web.FilterChainProxy$VirtualFilterChain.doFilter(FilterChainProxy.java:336)\r\n	at org.springframework.security.web.access.ExceptionTranslationFilter.doFilter(ExceptionTranslationFilter.java:121)\r\n	at org.springframework.security.web.access.ExceptionTranslationFilter.doFilter(ExceptionTranslationFilter.java:115)\r\n	at org.springframework.security.web.FilterChainProxy$VirtualFilterChain.doFilter(FilterChainProxy.java:336)\r\n	at org.springframework.security.web.session.SessionManagementFilter.doFilter(SessionManagementFilter.java:126)\r\n	at org.springframework.security.web.session.SessionManagementFilter.doFilter(SessionManagementFilter.java:81)\r\n	at org.springframework.security.web.FilterChainProxy$VirtualFilterChain.doFilter(FilterChainProxy.java:336)\r\n	at org.springframework.security.web.authentication.AnonymousAuthenticationFilter.doFilter(AnonymousAuthenticationFilter.java:105)\r\n	at org.springframework.security.web.FilterChainProxy$VirtualFilterChain.doFilter(FilterChainProxy.java:336)\r\n	at org.springframework.security.web.servletapi.SecurityContextHolderAwareRequestFilter.doFilter(SecurityContextHolderAwareRequestFilter.java:149)\r\n	at org.springframework.security.web.FilterChainProxy$VirtualFilterChain.doFilter(FilterChainProxy.java:336)\r\n	at org.springframework.security.web.savedrequest.RequestCacheAwareFilter.doFilter(RequestCacheAwareFilter.java:63)\r\n	at org.springframework.security.web.FilterChainProxy$VirtualFilterChain.doFilter(FilterChainProxy.java:336)\r\n	at com.snow.dcl.handler.JwtTokenAuthenticationFilter.doFilterInternal(JwtTokenAuthenticationFilter.java:84)\r\n	at org.springframework.web.filter.OncePerRequestFilter.doFilter(OncePerRequestFilter.java:119)\r\n	at org.springframework.security.web.FilterChainProxy$VirtualFilterChain.doFilter(FilterChainProxy.java:336)\r\n	at org.springframework.security.web.authentication.logout.LogoutFilter.doFilter(LogoutFilter.java:103)\r\n	at org.springframework.security.web.authentication.logout.LogoutFilter.doFilter(LogoutFilter.java:89)\r\n	at org.springframework.security.web.FilterChainProxy$VirtualFilterChain.doFilter(FilterChainProxy.java:336)\r\n	at org.springframework.web.filter.CorsFilter.doFilterInternal(CorsFilter.java:91)\r\n	at org.springframework.web.filter.OncePerRequestFilter.doFilter(OncePerRequestFilter.java:119)\r\n	at org.springframework.security.web.FilterChainProxy$VirtualFilterChain.doFilter(FilterChainProxy.java:336)\r\n	at org.springframework.security.web.header.HeaderWriterFilter.doHeadersAfter(HeaderWriterFilter.java:90)\r\n	at org.springframework.security.web.header.HeaderWriterFilter.doFilterInternal(HeaderWriterFilter.java:75)\r\n	at org.springframework.web.filter.OncePerRequestFilter.doFilter(OncePerRequestFilter.java:119)\r\n	at org.springframework.security.web.FilterChainProxy$VirtualFilterChain.doFilter(FilterChainProxy.java:336)\r\n	at org.springframework.security.web.context.SecurityContextPersistenceFilter.doFilter(SecurityContextPersistenceFilter.java:110)\r\n	at org.springframework.security.web.context.SecurityContextPersistenceFilter.doFilter(SecurityContextPersistenceFilter.java:80)\r\n	at org.springframework.security.web.FilterChainProxy$VirtualFilterChain.doFilter(FilterChainProxy.java:336)\r\n	at org.springframework.security.web.context.request.async.WebAsyncManagerIntegrationFilter.doFilterInternal(WebAsyncManagerIntegrationFilter.java:55)\r\n	at org.springframework.web.filter.OncePerRequestFilter.doFilter(OncePerRequestFilter.java:119)\r\n	at org.springframework.security.web.FilterChainProxy$VirtualFilterChain.doFilter(FilterChainProxy.java:336)\r\n	at org.springframework.security.web.FilterChainProxy.doFilterInternal(FilterChainProxy.java:211)\r\n	at org.springframework.security.web.FilterChainProxy.doFilter(FilterChainProxy.java:183)\r\n	at org.springframework.web.filter.DelegatingFilterProxy.invokeDelegate(DelegatingFilterProxy.java:358)\r\n	at org.springframework.web.filter.DelegatingFilterProxy.doFilter(DelegatingFilterProxy.java:271)\r\n	at org.apache.catalina.core.ApplicationFilterChain.internalDoFilter(ApplicationFilterChain.java:189)\r\n	at org.apache.catalina.core.ApplicationFilterChain.doFilter(ApplicationFilterChain.java:162)\r\n	at org.springframework.web.filter.RequestContextFilter.doFilterInternal(RequestContextFilter.java:100)\r\n	at org.springframework.web.filter.OncePerRequestFilter.doFilter(OncePerRequestFilter.java:119)\r\n	at org.apache.catalina.core.ApplicationFilterChain.internalDoFilter(ApplicationFilterChain.java:189)\r\n	at org.apache.catalina.core.ApplicationFilterChain.doFilter(ApplicationFilterChain.java:162)\r\n	at org.springframework.web.filter.FormContentFilter.doFilterInternal(FormContentFilter.java:93)\r\n	at org.springframework.web.filter.OncePerRequestFilter.doFilter(OncePerRequestFilter.java:119)\r\n	at org.apache.catalina.core.ApplicationFilterChain.internalDoFilter(ApplicationFilterChain.java:189)\r\n	at org.apache.catalina.core.ApplicationFilterChain.doFilter(ApplicationFilterChain.java:162)\r\n	at org.springframework.web.filter.CharacterEncodingFilter.doFilterInternal(CharacterEncodingFilter.java:201)\r\n	at org.springframework.web.filter.OncePerRequestFilter.doFilter(OncePerRequestFilter.java:119)\r\n	at org.apache.catalina.core.ApplicationFilterChain.internalDoFilter(ApplicationFilterChain.java:189)\r\n	at org.apache.catalina.core.ApplicationFilterChain.doFilter(ApplicationFilterChain.java:162)\r\n	at org.apache.catalina.core.StandardWrapperValve.invoke(StandardWrapperValve.java:197)\r\n	at org.apache.catalina.core.StandardContextValve.invoke(StandardContextValve.java:97)\r\n	at org.apache.catalina.authenticator.AuthenticatorBase.invoke(AuthenticatorBase.java:542)\r\n	at org.apache.catalina.core.StandardHostValve.invoke(StandardHostValve.java:135)\r\n	at org.apache.catalina.valves.ErrorReportValve.invoke(ErrorReportValve.java:92)\r\n	at org.apache.catalina.core.StandardEngineValve.invoke(StandardEngineValve.java:78)\r\n	at org.apache.catalina.connector.CoyoteAdapter.service(CoyoteAdapter.java:357)\r\n	at org.apache.coyote.http11.Http11Processor.service(Http11Processor.java:382)\r\n	at org.apache.coyote.AbstractProcessorLight.process(AbstractProcessorLight.java:65)\r\n	at org.apache.coyote.AbstractProtocol$ConnectionHandler.process(AbstractProtocol.java:893)\r\n	at org.apache.tomcat.util.net.NioEndpoint$SocketProcessor.doRun(NioEndpoint.java:1726)\r\n	at org.apache.tomcat.util.net.SocketProcessorBase.run(SocketProcessorBase.java:49)\r\n	at org.apache.tomcat.util.threads.ThreadPoolExecutor.runWorker(ThreadPoolExecutor.java:1191)\r\n	at org.apache.tomcat.util.threads.ThreadPoolExecutor$Worker.run(ThreadPoolExecutor.java:659)\r\n	at org.apache.tomcat.util.threads.TaskThread$WrappingRunnable.run(TaskThread.java:61)\r\n	at java.lang.Thread.run(Thread.java:748)\r', '2023-08-02 09:08:57');
INSERT INTO `sys_log` VALUES ('82', '用户登录', 'INFO', 'com.snow.dcl.controller.LoginController.login()', '{\"username\":\"admin\"}', '172.16.41.238', '79', 'admin', '内网IP', 'Chrome-115.0.0.0', null, '2023-08-02 09:09:02');
INSERT INTO `sys_log` VALUES ('83', '用户登录', 'INFO', 'com.snow.dcl.controller.LoginController.login()', '{\"username\":\"admin\"}', '172.16.41.238', '304', 'admin', '内网IP', 'Chrome-115.0.0.0', null, '2023-08-02 09:12:00');
INSERT INTO `sys_log` VALUES ('84', '用户登录', 'INFO', 'com.snow.dcl.controller.LoginController.login()', '{\"username\":\"admin\"}', '172.16.41.238', '86', 'admin', '内网IP', 'Chrome-115.0.0.0', null, '2023-08-02 09:26:45');
INSERT INTO `sys_log` VALUES ('85', '用户登录', 'INFO', 'com.snow.dcl.controller.LoginController.login()', '{\"username\":\"admin\"}', '172.16.41.238', '82', 'admin', '内网IP', 'Chrome-115.0.0.0', null, '2023-08-02 09:27:27');
INSERT INTO `sys_log` VALUES ('86', '用户登录', 'INFO', 'com.snow.dcl.controller.LoginController.login()', '{\"username\":\"admin\"}', '172.16.41.238', '74', 'admin', '内网IP', 'Chrome-115.0.0.0', null, '2023-08-02 09:28:06');
INSERT INTO `sys_log` VALUES ('87', '用户登录', 'INFO', 'com.snow.dcl.controller.LoginController.login()', '{\"username\":\"admin\"}', '172.16.41.238', '74', 'admin', '内网IP', 'Chrome-115.0.0.0', null, '2023-08-02 09:28:53');
INSERT INTO `sys_log` VALUES ('88', '用户登录', 'INFO', 'com.snow.dcl.controller.LoginController.login()', '{\"username\":\"admin\"}', '172.16.41.238', '75', 'admin', '内网IP', 'Chrome-115.0.0.0', null, '2023-08-02 09:29:35');
INSERT INTO `sys_log` VALUES ('89', '用户登录', 'INFO', 'com.snow.dcl.controller.LoginController.login()', '{\"username\":\"admin\"}', '172.16.41.238', '73', 'admin', '内网IP', 'Chrome-115.0.0.0', null, '2023-08-02 09:30:04');
INSERT INTO `sys_log` VALUES ('90', '用户登录', 'INFO', 'com.snow.dcl.controller.LoginController.login()', '{\"username\":\"admin\"}', '172.16.41.238', '75', 'admin', '内网IP', 'Chrome-115.0.0.0', null, '2023-08-02 09:30:25');
INSERT INTO `sys_log` VALUES ('91', '用户登录', 'INFO', 'com.snow.dcl.controller.LoginController.login()', '{\"username\":\"admin\"}', '172.16.41.238', '316', 'admin', '内网IP', 'Chrome-115.0.0.0', null, '2023-08-02 09:32:15');
INSERT INTO `sys_log` VALUES ('92', '用户登出', 'INFO', 'com.snow.dcl.controller.LoginController.logout()', '', '172.16.41.238', '1', 'admin', '内网IP', 'Chrome-115.0.0.0', null, '2023-08-02 09:32:45');
INSERT INTO `sys_log` VALUES ('93', '用户登录', 'INFO', 'com.snow.dcl.controller.LoginController.login()', '{\"username\":\"admin\"}', '172.16.41.238', '88', 'admin', '内网IP', 'Chrome-115.0.0.0', null, '2023-08-02 09:32:48');
INSERT INTO `sys_log` VALUES ('94', '用户登出', 'INFO', 'com.snow.dcl.controller.LoginController.logout()', '', '172.16.41.238', '2', 'admin', '内网IP', 'Chrome-115.0.0.0', null, '2023-08-02 09:36:31');
INSERT INTO `sys_log` VALUES ('95', '用户登录', 'INFO', 'com.snow.dcl.controller.LoginController.login()', '{\"username\":\"admin\"}', '172.16.41.238', '77', 'admin', '内网IP', 'Chrome-115.0.0.0', null, '2023-08-02 09:36:34');
INSERT INTO `sys_log` VALUES ('96', '更新权限状态', 'INFO', 'com.snow.dcl.controller.SysPermissionController.updateStatus()', '', '172.16.41.238', '5', 'admin', '内网IP', 'Chrome-115.0.0.0', null, '2023-08-02 09:36:43');
INSERT INTO `sys_log` VALUES ('97', '更新权限状态', 'INFO', 'com.snow.dcl.controller.SysPermissionController.updateStatus()', '', '172.16.41.238', '4', 'admin', '内网IP', 'Chrome-115.0.0.0', null, '2023-08-02 09:38:01');
INSERT INTO `sys_log` VALUES ('98', '用户登出', 'INFO', 'com.snow.dcl.controller.LoginController.logout()', '', '172.16.41.238', '1', 'admin', '内网IP', 'Chrome-115.0.0.0', null, '2023-08-02 09:41:46');
INSERT INTO `sys_log` VALUES ('99', '用户登录', 'INFO', 'com.snow.dcl.controller.LoginController.login()', '{\"username\":\"admin\"}', '172.16.41.238', '74', 'admin', '内网IP', 'Chrome-115.0.0.0', null, '2023-08-02 09:41:53');

-- ----------------------------
-- Table structure for sys_permission
-- ----------------------------
DROP TABLE IF EXISTS `sys_permission`;
CREATE TABLE `sys_permission` (
  `id` bigint(20) NOT NULL AUTO_INCREMENT COMMENT '权限id',
  `pid` bigint(20) NOT NULL COMMENT '所属上级id',
  `name` varchar(20) NOT NULL DEFAULT '' COMMENT '权限名称',
  `type` tinyint(3) NOT NULL DEFAULT '0' COMMENT '类型(1:菜单,2:按钮)',
  `permission_value` varchar(50) DEFAULT NULL COMMENT '权限值',
  `path` varchar(100) DEFAULT NULL COMMENT '访问路径',
  `component` varchar(100) DEFAULT NULL COMMENT '组件路径',
  `icon` varchar(50) DEFAULT NULL COMMENT '图标',
  `status` tinyint(4) DEFAULT NULL COMMENT '状态(0:禁止,1:正常)',
  `is_deleted` tinyint(1) unsigned NOT NULL DEFAULT '0' COMMENT '逻辑删除 1（true）已删除， 0（false）未删除',
  `create_time` datetime DEFAULT NULL COMMENT '创建时间',
  `update_time` datetime DEFAULT NULL COMMENT '更新时间',
  PRIMARY KEY (`id`) USING BTREE,
  KEY `idx_pid` (`pid`) USING BTREE
) ENGINE=InnoDB AUTO_INCREMENT=1031 DEFAULT CHARSET=utf8 ROW_FORMAT=DYNAMIC COMMENT='权限';

-- ----------------------------
-- Records of sys_permission
-- ----------------------------
INSERT INTO `sys_permission` VALUES ('1', '0', '系统管理', '0', null, 'system', 'Layout', 'el-icon-s-tools', '1', '0', '2019-11-15 17:13:06', '2019-11-18 13:54:25');
INSERT INTO `sys_permission` VALUES ('2', '0', '系统监控', '0', null, 'monitor', 'Layout', 'el-icon-video-camera-solid', '1', '0', '2023-07-30 21:21:19', '2023-08-02 09:38:01');
INSERT INTO `sys_permission` VALUES ('10', '1', '用户管理', '1', null, 'sysUser', 'system/sysUser/list', 'el-icon-s-custom', '1', '0', '2019-11-15 17:13:40', '2019-11-18 13:53:12');
INSERT INTO `sys_permission` VALUES ('11', '1', '角色管理', '1', null, 'sysRole', 'system/sysRole/list', 'el-icon-user-solid', '1', '0', '2019-11-15 17:14:21', '2019-11-15 17:14:21');
INSERT INTO `sys_permission` VALUES ('12', '1', '菜单管理', '1', null, 'sysPermission', 'system/sysPermission/list', 'el-icon-s-unfold', '1', '0', '2019-11-15 17:14:46', '2019-11-15 17:14:46');
INSERT INTO `sys_permission` VALUES ('13', '2', '操作日志', '1', null, 'sysOperate', null, 'el-icon-info', '1', '0', '2023-08-02 09:08:18', '2023-08-02 09:38:01');
INSERT INTO `sys_permission` VALUES ('14', '2', '异常日志', '1', null, 'sysException', null, 'el-icon-warning', '1', '0', '2023-08-02 09:08:24', '2023-08-02 09:38:01');
INSERT INTO `sys_permission` VALUES ('100', '10', '查看', '2', 'user.list', '', null, null, '1', '0', '2019-11-15 17:15:45', '2019-11-17 21:57:16');
INSERT INTO `sys_permission` VALUES ('101', '10', '添加', '2', 'user.add', 'user/add', null, null, '1', '0', '2019-11-15 17:16:22', '2019-11-15 17:16:22');
INSERT INTO `sys_permission` VALUES ('102', '10', '修改', '2', 'user.update', 'user/update/:id', null, null, '1', '0', '2019-11-15 17:17:04', '2019-11-15 17:17:04');
INSERT INTO `sys_permission` VALUES ('103', '10', '删除', '2', 'user.remove', '', null, null, '1', '0', '2019-11-15 17:17:22', '2019-11-15 17:17:22');
INSERT INTO `sys_permission` VALUES ('104', '10', '分配角色', '2', 'user.assgin', 'user/role/:id', '', null, '1', '0', '2019-11-18 13:38:56', '2019-11-18 13:38:56');
INSERT INTO `sys_permission` VALUES ('105', '11', '修改', '2', 'role.update', 'role/update/:id', null, null, '1', '0', '2019-11-15 17:18:27', '2019-11-15 17:19:53');
INSERT INTO `sys_permission` VALUES ('106', '11', '查看', '2', 'role.list', '', null, null, '1', '0', '2019-11-15 17:18:47', '2019-11-15 17:18:47');
INSERT INTO `sys_permission` VALUES ('107', '11', '添加', '2', 'role.add', 'role/add', null, null, '1', '0', '2019-11-15 17:19:19', '2019-11-18 11:05:42');
INSERT INTO `sys_permission` VALUES ('108', '11', '删除', '2', 'role.remove', '', null, null, '1', '0', '2019-11-15 17:20:55', '2019-11-15 17:20:55');
INSERT INTO `sys_permission` VALUES ('109', '11', '角色权限', '2', 'role.acl', 'role/distribution/:id', null, null, '1', '0', '2019-11-15 17:21:38', '2019-11-15 17:21:38');
INSERT INTO `sys_permission` VALUES ('110', '11', '分配权限', '2', 'role.assgin', 'assignAuth', 'system/sysRole/assignAuth', null, '1', '0', '2023-08-02 09:08:31', '2023-08-02 09:08:33');
INSERT INTO `sys_permission` VALUES ('111', '12', '查看', '2', 'permission.list', '', null, null, '1', '0', '2019-11-15 17:22:07', '2019-11-15 17:22:07');
INSERT INTO `sys_permission` VALUES ('112', '12', '添加', '2', 'permission.add', '', null, null, '1', '0', '2019-11-15 17:22:23', '2019-11-15 17:22:23');
INSERT INTO `sys_permission` VALUES ('113', '12', '修改', '2', 'permission.update', '', null, null, '1', '0', '2019-11-15 17:22:35', '2019-11-15 17:22:35');
INSERT INTO `sys_permission` VALUES ('114', '12', '删除', '2', 'permission.remove', '', null, null, '1', '0', '2019-11-15 17:22:41', '2019-11-15 17:22:41');

-- ----------------------------
-- Table structure for sys_role
-- ----------------------------
DROP TABLE IF EXISTS `sys_role`;
CREATE TABLE `sys_role` (
  `id` bigint(20) NOT NULL AUTO_INCREMENT COMMENT '角色id',
  `role_name` varchar(20) NOT NULL DEFAULT '' COMMENT '角色名称',
  `role_code` varchar(20) DEFAULT NULL COMMENT '角色编码',
  `remark` varchar(255) DEFAULT NULL COMMENT '备注',
  `is_deleted` tinyint(1) unsigned NOT NULL DEFAULT '0' COMMENT '逻辑删除 1（true）已删除， 0（false）未删除',
  `create_time` datetime NOT NULL COMMENT '创建时间',
  `update_time` datetime NOT NULL COMMENT '更新时间',
  PRIMARY KEY (`id`) USING BTREE
) ENGINE=InnoDB AUTO_INCREMENT=4 DEFAULT CHARSET=utf8 ROW_FORMAT=DYNAMIC;

-- ----------------------------
-- Records of sys_role
-- ----------------------------
INSERT INTO `sys_role` VALUES ('1', '系统管理员', 'SUPER_ADMIN', '系统所有菜单和按钮管理权限', '0', '2019-11-11 13:09:32', '2019-11-18 10:27:18');
INSERT INTO `sys_role` VALUES ('2', '普通角色', 'COMMON_ROLE', '系统所有菜单数据查看权限', '0', '2021-08-27 11:13:06', '2021-08-27 11:13:06');
INSERT INTO `sys_role` VALUES ('3', '测试角色', 'TEST_ROLE', '具备系统所有菜单和按钮管理测试权限', '0', '2021-09-15 10:39:33', '2021-09-15 10:40:30');

-- ----------------------------
-- Table structure for sys_role_permission
-- ----------------------------
DROP TABLE IF EXISTS `sys_role_permission`;
CREATE TABLE `sys_role_permission` (
  `id` bigint(20) NOT NULL AUTO_INCREMENT COMMENT '主键id',
  `role_id` bigint(20) NOT NULL COMMENT '角色id',
  `permission_id` bigint(20) NOT NULL COMMENT '权限id',
  `is_deleted` tinyint(1) unsigned NOT NULL DEFAULT '0' COMMENT '逻辑删除 1（true）已删除， 0（false）未删除',
  `create_time` datetime NOT NULL COMMENT '创建时间',
  `update_time` datetime NOT NULL COMMENT '更新时间',
  PRIMARY KEY (`id`) USING BTREE,
  KEY `idx_role_id` (`role_id`) USING BTREE,
  KEY `idx_permission_id` (`permission_id`) USING BTREE
) ENGINE=InnoDB AUTO_INCREMENT=23 DEFAULT CHARSET=utf8 ROW_FORMAT=DYNAMIC COMMENT='角色权限';

-- ----------------------------
-- Records of sys_role_permission
-- ----------------------------
INSERT INTO `sys_role_permission` VALUES ('1', '1', '1', '0', '2019-11-18 14:22:29', '2019-11-18 14:22:29');
INSERT INTO `sys_role_permission` VALUES ('2', '1', '2', '0', '2019-11-18 14:22:29', '2019-11-18 14:22:29');
INSERT INTO `sys_role_permission` VALUES ('3', '1', '10', '0', '2019-11-18 14:22:29', '2019-11-18 14:22:29');
INSERT INTO `sys_role_permission` VALUES ('4', '1', '11', '0', '2019-11-18 14:22:29', '2019-11-18 14:22:29');
INSERT INTO `sys_role_permission` VALUES ('5', '1', '12', '0', '2019-11-18 14:22:29', '2019-11-18 14:22:29');
INSERT INTO `sys_role_permission` VALUES ('6', '1', '13', '0', '2019-11-18 14:22:29', '2019-11-18 14:22:29');
INSERT INTO `sys_role_permission` VALUES ('7', '1', '14', '0', '2019-11-18 14:22:30', '2019-11-18 14:22:30');
INSERT INTO `sys_role_permission` VALUES ('8', '1', '100', '0', '2019-11-18 14:22:30', '2019-11-18 14:22:30');
INSERT INTO `sys_role_permission` VALUES ('9', '1', '101', '0', '2019-11-18 14:22:30', '2019-11-18 14:22:30');
INSERT INTO `sys_role_permission` VALUES ('10', '1', '102', '0', '2019-11-18 14:22:30', '2019-11-18 14:22:30');
INSERT INTO `sys_role_permission` VALUES ('11', '1', '103', '0', '2019-11-18 14:22:30', '2019-11-18 14:22:30');
INSERT INTO `sys_role_permission` VALUES ('12', '1', '104', '0', '2019-11-18 14:22:30', '2019-11-18 14:22:30');
INSERT INTO `sys_role_permission` VALUES ('13', '1', '105', '0', '2019-11-18 14:22:30', '2019-11-18 14:22:30');
INSERT INTO `sys_role_permission` VALUES ('14', '1', '106', '0', '2019-11-18 14:22:30', '2019-11-18 14:22:30');
INSERT INTO `sys_role_permission` VALUES ('15', '1', '107', '0', '2019-11-18 14:22:30', '2019-11-18 14:22:30');
INSERT INTO `sys_role_permission` VALUES ('16', '1', '108', '0', '2019-11-18 14:22:30', '2019-11-18 14:22:30');
INSERT INTO `sys_role_permission` VALUES ('17', '1', '109', '0', '2019-11-18 14:22:30', '2019-11-18 14:22:30');
INSERT INTO `sys_role_permission` VALUES ('18', '1', '110', '0', '2019-11-18 14:22:30', '2019-11-18 14:22:30');
INSERT INTO `sys_role_permission` VALUES ('19', '1', '111', '0', '2019-11-18 14:22:30', '2019-11-18 14:22:30');
INSERT INTO `sys_role_permission` VALUES ('20', '1', '112', '0', '2019-11-18 14:22:30', '2019-11-18 14:22:30');
INSERT INTO `sys_role_permission` VALUES ('21', '1', '113', '0', '2019-11-18 14:22:30', '2019-11-18 14:22:30');
INSERT INTO `sys_role_permission` VALUES ('22', '1', '114', '0', '2023-07-29 00:56:26', '2023-07-29 00:56:26');

-- ----------------------------
-- Table structure for sys_user
-- ----------------------------
DROP TABLE IF EXISTS `sys_user`;
CREATE TABLE `sys_user` (
  `id` bigint(19) NOT NULL AUTO_INCREMENT COMMENT '用户id',
  `username` varchar(20) NOT NULL DEFAULT '' COMMENT '用户名称',
  `password` varchar(64) NOT NULL DEFAULT '' COMMENT '用户密码',
  `nick_name` varchar(50) DEFAULT NULL COMMENT '用户昵称',
  `phone` varchar(255) DEFAULT NULL,
  `email` varchar(255) DEFAULT NULL,
  `gender` varchar(20) DEFAULT NULL,
  `avatar` varchar(255) DEFAULT NULL COMMENT '用户头像',
  `status` tinyint(1) NOT NULL DEFAULT '1' COMMENT '''状态（1：正常 0：停用）''',
  `is_deleted` tinyint(1) unsigned NOT NULL DEFAULT '0' COMMENT '逻辑删除 1（true）已删除， 0（false）未删除',
  `create_time` datetime NOT NULL COMMENT '创建时间',
  `update_time` datetime NOT NULL COMMENT '更新时间',
  PRIMARY KEY (`id`) USING BTREE,
  UNIQUE KEY `uk_username` (`username`) USING BTREE
) ENGINE=InnoDB AUTO_INCREMENT=4 DEFAULT CHARSET=utf8 ROW_FORMAT=DYNAMIC COMMENT='用户表';

-- ----------------------------
-- Records of sys_user
-- ----------------------------
INSERT INTO `sys_user` VALUES ('1', 'admin', '$2a$10$0/E5EhjcDYUxm.WTuO0RpOsNlZGsHf3zdMEpI1zHiT8GWuFsAhY8G', 'admin', '15900000000', null, '男', 'https://wpimg.wallstcn.com/f778738c-e4f8-4870-b634-56703b4acafe.gif', '1', '0', '2019-11-01 10:39:47', '2019-11-01 10:39:47');
INSERT INTO `sys_user` VALUES ('2', 'class_admin', '$2a$10$ZwcMZNPJ6uPzS60Rd09iye7P50RGm0uG/uJB9zHRaJd3X0rVCfM5W', 'nickname', '15900000001', null, '女', 'https://wpimg.wallstcn.com/f778738c-e4f8-4870-b634-56703b4acafe.gif', '1', '0', '2021-04-27 09:21:48', '2021-05-19 10:17:17');
INSERT INTO `sys_user` VALUES ('3', 'Dcl_Snow', '$2a$10$ZwcMZNPJ6uPzS60Rd09iye7P50RGm0uG/uJB9zHRaJd3X0rVCfM5W', 'Dcl_Snow', '15900000002', null, '男', 'https://wpimg.wallstcn.com/f778738c-e4f8-4870-b634-56703b4acafe.gif', '1', '0', '2021-04-13 15:47:02', '2021-04-13 15:47:02');

-- ----------------------------
-- Table structure for sys_user_role
-- ----------------------------
DROP TABLE IF EXISTS `sys_user_role`;
CREATE TABLE `sys_user_role` (
  `id` bigint(20) NOT NULL AUTO_INCREMENT COMMENT '主键id',
  `role_id` bigint(20) NOT NULL DEFAULT '0' COMMENT '角色id',
  `user_id` bigint(20) NOT NULL DEFAULT '0' COMMENT '用户id',
  `is_deleted` tinyint(1) unsigned NOT NULL DEFAULT '0' COMMENT '逻辑删除 1（true）已删除， 0（false）未删除',
  `create_time` datetime NOT NULL COMMENT '创建时间',
  `update_time` datetime NOT NULL COMMENT '更新时间',
  PRIMARY KEY (`id`) USING BTREE,
  KEY `idx_role_id` (`role_id`) USING BTREE,
  KEY `idx_user_id` (`user_id`) USING BTREE
) ENGINE=InnoDB AUTO_INCREMENT=4 DEFAULT CHARSET=utf8 ROW_FORMAT=DYNAMIC;

-- ----------------------------
-- Records of sys_user_role
-- ----------------------------
INSERT INTO `sys_user_role` VALUES ('1', '1', '1', '0', '2019-11-11 13:09:53', '2019-11-11 13:09:53');
INSERT INTO `sys_user_role` VALUES ('2', '2', '2', '0', '2021-04-13 15:51:53', '2021-04-13 15:51:53');
INSERT INTO `sys_user_role` VALUES ('3', '1', '3', '0', '2021-02-19 14:06:57', '2021-02-19 14:06:59');
