/*
 Navicat Premium Data Transfer

 Source Server         : cloud
 Source Server Type    : MySQL
 Source Server Version : 50742
 Source Host           : localhost:3306
 Source Schema         : snow-admin

 Target Server Type    : MySQL
 Target Server Version : 50742
 File Encoding         : 65001

 Date: 31/07/2023 10:46:17
*/

SET NAMES utf8mb4;
SET FOREIGN_KEY_CHECKS = 0;

-- ----------------------------
-- Table structure for sys_log
-- ----------------------------
DROP TABLE IF EXISTS `sys_log`;
CREATE TABLE `sys_log`  (
  `id` bigint(20) NOT NULL AUTO_INCREMENT COMMENT 'ID',
  `description` varchar(255) CHARACTER SET utf8 COLLATE utf8_general_ci NULL DEFAULT NULL COMMENT '描述',
  `log_type` varchar(255) CHARACTER SET utf8 COLLATE utf8_general_ci NULL DEFAULT NULL COMMENT '日志类型',
  `method` varchar(255) CHARACTER SET utf8 COLLATE utf8_general_ci NULL DEFAULT NULL COMMENT '调用方法',
  `params` text CHARACTER SET utf8 COLLATE utf8_general_ci NULL COMMENT '请求参数',
  `request_ip` varchar(255) CHARACTER SET utf8 COLLATE utf8_general_ci NULL DEFAULT NULL COMMENT '发起请求的IP地址',
  `time` bigint(20) NULL DEFAULT NULL COMMENT '请求耗时，单位：ms',
  `username` varchar(255) CHARACTER SET utf8 COLLATE utf8_general_ci NULL DEFAULT NULL COMMENT '操作用户',
  `address` varchar(255) CHARACTER SET utf8 COLLATE utf8_general_ci NULL DEFAULT NULL COMMENT '请求地址',
  `browser` varchar(255) CHARACTER SET utf8 COLLATE utf8_general_ci NULL DEFAULT NULL COMMENT '浏览器',
  `exception_detail` text CHARACTER SET utf8 COLLATE utf8_general_ci NULL COMMENT '异常信息详情',
  `create_time` datetime(0) NULL DEFAULT NULL COMMENT '创建时间',
  PRIMARY KEY (`id`) USING BTREE,
  INDEX `log_create_time_index`(`create_time`) USING BTREE,
  INDEX `inx_log_type`(`log_type`) USING BTREE
) ENGINE = InnoDB AUTO_INCREMENT = 27 CHARACTER SET = utf8 COLLATE = utf8_general_ci COMMENT = '系统日志' ROW_FORMAT = Compact;

-- ----------------------------
-- Records of sys_log
-- ----------------------------
INSERT INTO `sys_log` VALUES (1, '用户登录', 'INFO', 'com.snow.dcl.controller.LoginController.login()', '{\"username\":\"admin\"}', '172.16.41.238', 411, 'admin', '内网IP', 'Chrome 114', NULL, NULL);
INSERT INTO `sys_log` VALUES (2, '新增用户', 'INFO', 'com.snow.dcl.controller.SysUserController.save()', '{\"gender\":\"男\",\"nickName\":\"Dcl\",\"avatar\":\"https://wpimg.wallstcn.com/f778738c-e4f8-4870-b634-56703b4acafe.gif\",\"password\":\"123456\",\"phone\":\"15972130586\",\"email\":\"\",\"username\":\"Dcl\"}', '172.16.41.238', 143, 'admin', '内网IP', 'Chrome 114', NULL, NULL);
INSERT INTO `sys_log` VALUES (3, '新增用户', 'INFO', 'com.snow.dcl.controller.SysUserController.save()', '{\"gender\":\"男\",\"nickName\":\"Dcl\",\"avatar\":\"https://wpimg.wallstcn.com/f778738c-e4f8-4870-b634-56703b4acafe.gif\",\"password\":\"123456\",\"phone\":\"15972130586\",\"email\":\"\",\"username\":\"Dcl\"}', '172.16.41.238', 137, 'admin', '内网IP', 'Chrome 114', NULL, '2023-07-20 14:59:03');
INSERT INTO `sys_log` VALUES (4, '新增用户', 'ERROR', 'com.snow.dcl.controller.SysUserController.save()', '{\"gender\":\"男\",\"nickName\":\"Dcl\",\"avatar\":\"https://wpimg.wallstcn.com/f778738c-e4f8-4870-b634-56703b4acafe.gif\",\"password\":\"123456\",\"phone\":\"15972130586\",\"email\":\"\",\"username\":\"Dcl\"}', '172.16.41.238', 86, 'admin', '内网IP', 'Chrome 114', 'java.lang.ArithmeticException: / by zero\r\n	at com.snow.dcl.service.impl.SysUserServiceImpl.save(SysUserServiceImpl.java:57)\r\n	at com.snow.dcl.controller.SysUserController.save(SysUserController.java:46)\r\n	at com.snow.dcl.controller.SysUserController$$FastClassBySpringCGLIB$$447a0ae1.invoke(<generated>)\r\n	at org.springframework.cglib.proxy.MethodProxy.invoke(MethodProxy.java:218)\r\n	at org.springframework.aop.framework.CglibAopProxy$CglibMethodInvocation.invokeJoinpoint(CglibAopProxy.java:779)\r\n	at org.springframework.aop.framework.ReflectiveMethodInvocation.proceed(ReflectiveMethodInvocation.java:163)\r\n	at org.springframework.aop.framework.CglibAopProxy$CglibMethodInvocation.proceed(CglibAopProxy.java:750)\r\n	at org.springframework.aop.aspectj.AspectJAfterThrowingAdvice.invoke(AspectJAfterThrowingAdvice.java:64)\r\n	at org.springframework.aop.framework.ReflectiveMethodInvocation.proceed(ReflectiveMethodInvocation.java:175)\r\n	at org.springframework.aop.framework.CglibAopProxy$CglibMethodInvocation.proceed(CglibAopProxy.java:750)\r\n	at org.springframework.aop.aspectj.MethodInvocationProceedingJoinPoint.proceed(MethodInvocationProceedingJoinPoint.java:89)\r\n	at com.snow.dcl.aspect.LogAspect.logAround(LogAspect.java:57)\r\n	at sun.reflect.NativeMethodAccessorImpl.invoke0(Native Method)\r\n	at sun.reflect.NativeMethodAccessorImpl.invoke(NativeMethodAccessorImpl.java:62)\r\n	at sun.reflect.DelegatingMethodAccessorImpl.invoke(DelegatingMethodAccessorImpl.java:43)\r\n	at java.lang.reflect.Method.invoke(Method.java:498)\r\n	at org.springframework.aop.aspectj.AbstractAspectJAdvice.invokeAdviceMethodWithGivenArgs(AbstractAspectJAdvice.java:634)\r\n	at org.springframework.aop.aspectj.AbstractAspectJAdvice.invokeAdviceMethod(AbstractAspectJAdvice.java:624)\r\n	at org.springframework.aop.aspectj.AspectJAroundAdvice.invoke(AspectJAroundAdvice.java:72)\r\n	at org.springframework.aop.framework.ReflectiveMethodInvocation.proceed(ReflectiveMethodInvocation.java:175)\r\n	at org.springframework.aop.framework.CglibAopProxy$CglibMethodInvocation.proceed(CglibAopProxy.java:750)\r\n	at org.springframework.aop.interceptor.ExposeInvocationInterceptor.invoke(ExposeInvocationInterceptor.java:97)\r\n	at org.springframework.aop.framework.ReflectiveMethodInvocation.proceed(ReflectiveMethodInvocation.java:186)\r\n	at org.springframework.aop.framework.CglibAopProxy$CglibMethodInvocation.proceed(CglibAopProxy.java:750)\r\n	at org.springframework.aop.framework.CglibAopProxy$DynamicAdvisedInterceptor.intercept(CglibAopProxy.java:692)\r\n	at com.snow.dcl.controller.SysUserController$$EnhancerBySpringCGLIB$$894b75e1.save(<generated>)\r\n	at sun.reflect.NativeMethodAccessorImpl.invoke0(Native Method)\r\n	at sun.reflect.NativeMethodAccessorImpl.invoke(NativeMethodAccessorImpl.java:62)\r\n	at sun.reflect.DelegatingMethodAccessorImpl.invoke(DelegatingMethodAccessorImpl.java:43)\r\n	at java.lang.reflect.Method.invoke(Method.java:498)\r\n	at org.springframework.web.method.support.InvocableHandlerMethod.doInvoke(InvocableHandlerMethod.java:197)\r\n	at org.springframework.web.method.support.InvocableHandlerMethod.invokeForRequest(InvocableHandlerMethod.java:141)\r\n	at org.springframework.web.servlet.mvc.method.annotation.ServletInvocableHandlerMethod.invokeAndHandle(ServletInvocableHandlerMethod.java:106)\r\n	at org.springframework.web.servlet.mvc.method.annotation.RequestMappingHandlerAdapter.invokeHandlerMethod(RequestMappingHandlerAdapter.java:895)\r\n	at org.springframework.web.servlet.mvc.method.annotation.RequestMappingHandlerAdapter.handleInternal(RequestMappingHandlerAdapter.java:808)\r\n	at org.springframework.web.servlet.mvc.method.AbstractHandlerMethodAdapter.handle(AbstractHandlerMethodAdapter.java:87)\r\n	at org.springframework.web.servlet.DispatcherServlet.doDispatch(DispatcherServlet.java:1064)\r\n	at org.springframework.web.servlet.DispatcherServlet.doService(DispatcherServlet.java:963)\r\n	at org.springframework.web.servlet.FrameworkServlet.processRequest(FrameworkServlet.java:1006)\r\n	at org.springframework.web.servlet.FrameworkServlet.doPost(FrameworkServlet.java:909)\r\n	at javax.servlet.http.HttpServlet.service(HttpServlet.java:681)\r\n	at org.springframework.web.servlet.FrameworkServlet.service(FrameworkServlet.java:883)\r\n	at javax.servlet.http.HttpServlet.service(HttpServlet.java:764)\r\n	at org.apache.catalina.core.ApplicationFilterChain.internalDoFilter(ApplicationFilterChain.java:227)\r\n	at org.apache.catalina.core.ApplicationFilterChain.doFilter(ApplicationFilterChain.java:162)\r\n	at org.apache.tomcat.websocket.server.WsFilter.doFilter(WsFilter.java:53)\r\n	at org.apache.catalina.core.ApplicationFilterChain.internalDoFilter(ApplicationFilterChain.java:189)\r\n	at org.apache.catalina.core.ApplicationFilterChain.doFilter(ApplicationFilterChain.java:162)\r\n	at org.springframework.web.filter.OncePerRequestFilter.doFilter(OncePerRequestFilter.java:113)\r\n	at org.apache.catalina.core.ApplicationFilterChain.internalDoFilter(ApplicationFilterChain.java:189)\r\n	at org.apache.catalina.core.ApplicationFilterChain.doFilter(ApplicationFilterChain.java:162)\r\n	at org.springframework.web.filter.OncePerRequestFilter.doFilter(OncePerRequestFilter.java:113)\r\n	at org.apache.catalina.core.ApplicationFilterChain.internalDoFilter(ApplicationFilterChain.java:189)\r\n	at org.apache.catalina.core.ApplicationFilterChain.doFilter(ApplicationFilterChain.java:162)\r\n	at com.snow.dcl.handler.JwtTokenAuthenticationFilter.doFilterInternal(JwtTokenAuthenticationFilter.java:56)\r\n	at org.springframework.web.filter.OncePerRequestFilter.doFilter(OncePerRequestFilter.java:119)\r\n	at org.apache.catalina.core.ApplicationFilterChain.internalDoFilter(ApplicationFilterChain.java:189)\r\n	at org.apache.catalina.core.ApplicationFilterChain.doFilter(ApplicationFilterChain.java:162)\r\n	at org.springframework.security.web.FilterChainProxy$VirtualFilterChain.doFilter(FilterChainProxy.java:327)\r\n	at org.springframework.security.web.access.intercept.FilterSecurityInterceptor.invoke(FilterSecurityInterceptor.java:115)\r\n	at org.springframework.security.web.access.intercept.FilterSecurityInterceptor.doFilter(FilterSecurityInterceptor.java:81)\r\n	at org.springframework.security.web.FilterChainProxy$VirtualFilterChain.doFilter(FilterChainProxy.java:336)\r\n	at org.springframework.security.web.access.ExceptionTranslationFilter.doFilter(ExceptionTranslationFilter.java:121)\r\n	at org.springframework.security.web.access.ExceptionTranslationFilter.doFilter(ExceptionTranslationFilter.java:115)\r\n	at org.springframework.security.web.FilterChainProxy$VirtualFilterChain.doFilter(FilterChainProxy.java:336)\r\n	at org.springframework.security.web.session.SessionManagementFilter.doFilter(SessionManagementFilter.java:126)\r\n	at org.springframework.security.web.session.SessionManagementFilter.doFilter(SessionManagementFilter.java:81)\r\n	at org.springframework.security.web.FilterChainProxy$VirtualFilterChain.doFilter(FilterChainProxy.java:336)\r\n	at org.springframework.security.web.authentication.AnonymousAuthenticationFilter.doFilter(AnonymousAuthenticationFilter.java:105)\r\n	at org.springframework.security.web.FilterChainProxy$VirtualFilterChain.doFilter(FilterChainProxy.java:336)\r\n	at org.springframework.security.web.servletapi.SecurityContextHolderAwareRequestFilter.doFilter(SecurityContextHolderAwareRequestFilter.java:149)\r\n	at org.springframework.security.web.FilterChainProxy$VirtualFilterChain.doFilter(FilterChainProxy.java:336)\r\n	at org.springframework.security.web.savedrequest.RequestCacheAwareFilter.doFilter(RequestCacheAwareFilter.java:63)\r\n	at org.springframework.security.web.FilterChainProxy$VirtualFilterChain.doFilter(FilterChainProxy.java:336)\r\n	at com.snow.dcl.handler.JwtTokenAuthenticationFilter.doFilterInternal(JwtTokenAuthenticationFilter.java:84)\r\n	at org.springframework.web.filter.OncePerRequestFilter.doFilter(OncePerRequestFilter.java:119)\r\n	at org.springframework.security.web.FilterChainProxy$VirtualFilterChain.doFilter(FilterChainProxy.java:336)\r\n	at org.springframework.security.web.authentication.logout.LogoutFilter.doFilter(LogoutFilter.java:103)\r\n	at org.springframework.security.web.authentication.logout.LogoutFilter.doFilter(LogoutFilter.java:89)\r\n	at org.springframework.security.web.FilterChainProxy$VirtualFilterChain.doFilter(FilterChainProxy.java:336)\r\n	at org.springframework.web.filter.CorsFilter.doFilterInternal(CorsFilter.java:91)\r\n	at org.springframework.web.filter.OncePerRequestFilter.doFilter(OncePerRequestFilter.java:119)\r\n	at org.springframework.security.web.FilterChainProxy$VirtualFilterChain.doFilter(FilterChainProxy.java:336)\r\n	at org.springframework.security.web.header.HeaderWriterFilter.doHeadersAfter(HeaderWriterFilter.java:90)\r\n	at org.springframework.security.web.header.HeaderWriterFilter.doFilterInternal(HeaderWriterFilter.java:75)\r\n	at org.springframework.web.filter.OncePerRequestFilter.doFilter(OncePerRequestFilter.java:119)\r\n	at org.springframework.security.web.FilterChainProxy$VirtualFilterChain.doFilter(FilterChainProxy.java:336)\r\n	at org.springframework.security.web.context.SecurityContextPersistenceFilter.doFilter(SecurityContextPersistenceFilter.java:110)\r\n	at org.springframework.security.web.context.SecurityContextPersistenceFilter.doFilter(SecurityContextPersistenceFilter.java:80)\r\n	at org.springframework.security.web.FilterChainProxy$VirtualFilterChain.doFilter(FilterChainProxy.java:336)\r\n	at org.springframework.security.web.context.request.async.WebAsyncManagerIntegrationFilter.doFilterInternal(WebAsyncManagerIntegrationFilter.java:55)\r\n	at org.springframework.web.filter.OncePerRequestFilter.doFilter(OncePerRequestFilter.java:119)\r\n	at org.springframework.security.web.FilterChainProxy$VirtualFilterChain.doFilter(FilterChainProxy.java:336)\r\n	at org.springframework.security.web.FilterChainProxy.doFilterInternal(FilterChainProxy.java:211)\r\n	at org.springframework.security.web.FilterChainProxy.doFilter(FilterChainProxy.java:183)\r\n	at org.springframework.web.filter.DelegatingFilterProxy.invokeDelegate(DelegatingFilterProxy.java:358)\r\n	at org.springframework.web.filter.DelegatingFilterProxy.doFilter(DelegatingFilterProxy.java:271)\r\n	at org.apache.catalina.core.ApplicationFilterChain.internalDoFilter(ApplicationFilterChain.java:189)\r\n	at org.apache.catalina.core.ApplicationFilterChain.doFilter(ApplicationFilterChain.java:162)\r\n	at org.springframework.web.filter.RequestContextFilter.doFilterInternal(RequestContextFilter.java:100)\r\n	at org.springframework.web.filter.OncePerRequestFilter.doFilter(OncePerRequestFilter.java:119)\r\n	at org.apache.catalina.core.ApplicationFilterChain.internalDoFilter(ApplicationFilterChain.java:189)\r\n	at org.apache.catalina.core.ApplicationFilterChain.doFilter(ApplicationFilterChain.java:162)\r\n	at org.springframework.web.filter.FormContentFilter.doFilterInternal(FormContentFilter.java:93)\r\n	at org.springframework.web.filter.OncePerRequestFilter.doFilter(OncePerRequestFilter.java:119)\r\n	at org.apache.catalina.core.ApplicationFilterChain.internalDoFilter(ApplicationFilterChain.java:189)\r\n	at org.apache.catalina.core.ApplicationFilterChain.doFilter(ApplicationFilterChain.java:162)\r\n	at org.springframework.web.filter.CharacterEncodingFilter.doFilterInternal(CharacterEncodingFilter.java:201)\r\n	at org.springframework.web.filter.OncePerRequestFilter.doFilter(OncePerRequestFilter.java:119)\r\n	at org.apache.catalina.core.ApplicationFilterChain.internalDoFilter(ApplicationFilterChain.java:189)\r\n	at org.apache.catalina.core.ApplicationFilterChain.doFilter(ApplicationFilterChain.java:162)\r\n	at org.apache.catalina.core.StandardWrapperValve.invoke(StandardWrapperValve.java:197)\r\n	at org.apache.catalina.core.StandardContextValve.invoke(StandardContextValve.java:97)\r\n	at org.apache.catalina.authenticator.AuthenticatorBase.invoke(AuthenticatorBase.java:542)\r\n	at org.apache.catalina.core.StandardHostValve.invoke(StandardHostValve.java:135)\r\n	at org.apache.catalina.valves.ErrorReportValve.invoke(ErrorReportValve.java:92)\r\n	at org.apache.catalina.core.StandardEngineValve.invoke(StandardEngineValve.java:78)\r\n	at org.apache.catalina.connector.CoyoteAdapter.service(CoyoteAdapter.java:357)\r\n	at org.apache.coyote.http11.Http11Processor.service(Http11Processor.java:382)\r\n	at org.apache.coyote.AbstractProcessorLight.process(AbstractProcessorLight.java:65)\r\n	at org.apache.coyote.AbstractProtocol$ConnectionHandler.process(AbstractProtocol.java:893)\r\n	at org.apache.tomcat.util.net.NioEndpoint$SocketProcessor.doRun(NioEndpoint.java:1726)\r\n	at org.apache.tomcat.util.net.SocketProcessorBase.run(SocketProcessorBase.java:49)\r\n	at org.apache.tomcat.util.threads.ThreadPoolExecutor.runWorker(ThreadPoolExecutor.java:1191)\r\n	at org.apache.tomcat.util.threads.ThreadPoolExecutor$Worker.run(ThreadPoolExecutor.java:659)\r\n	at org.apache.tomcat.util.threads.TaskThread$WrappingRunnable.run(TaskThread.java:61)\r\n	at java.lang.Thread.run(Thread.java:748)\r\n', '2023-07-20 15:03:57');
INSERT INTO `sys_log` VALUES (5, '用户登录', 'INFO', 'com.snow.dcl.controller.LoginController.login()', '{\"username\":\"admin\"}', '127.0.0.1', 393, 'admin', '内网IP', 'Chrome114.0.0.0', NULL, '2023-07-20 15:50:30');
INSERT INTO `sys_log` VALUES (6, '新增用户', 'INFO', 'com.snow.dcl.controller.SysUserController.save()', '{\"gender\":\"男\",\"nickName\":\"Dcl\",\"avatar\":\"https://wpimg.wallstcn.com/f778738c-e4f8-4870-b634-56703b4acafe.gif\",\"password\":\"123456\",\"phone\":\"15972130586\",\"email\":\"\",\"username\":\"Dcl\"}', '127.0.0.1', 104, 'admin', '内网IP', 'Chrome114.0.0.0', NULL, '2023-07-20 15:50:59');
INSERT INTO `sys_log` VALUES (7, '新增用户', 'INFO', 'com.snow.dcl.controller.SysUserController.save()', '{\"gender\":\"男\",\"nickName\":\"Dcl\",\"avatar\":\"https://wpimg.wallstcn.com/f778738c-e4f8-4870-b634-56703b4acafe.gif\",\"password\":\"123456\",\"phone\":\"15972130586\",\"email\":\"\",\"username\":\"Dcl\"}', '127.0.0.1', 139, 'admin', '内网IP', 'Chrome-114.0.0.0', NULL, '2023-07-20 15:52:31');
INSERT INTO `sys_log` VALUES (8, '新增用户', 'INFO', 'com.snow.dcl.controller.SysUserController.save()', '{\"gender\":\"男\",\"nickName\":\"Dcl\",\"avatar\":\"https://wpimg.wallstcn.com/f778738c-e4f8-4870-b634-56703b4acafe.gif\",\"password\":\"123456\",\"phone\":\"15972130586\",\"email\":\"\",\"username\":\"Dcl\"}', '172.16.41.238', 137, 'admin', '内网IP', 'Chrome-114.0.0.0', NULL, '2023-07-20 15:55:25');
INSERT INTO `sys_log` VALUES (9, '新增用户', 'INFO', 'com.snow.dcl.controller.SysUserController.save()', '{\"gender\":\"男\",\"nickName\":\"Dcl\",\"avatar\":\"https://wpimg.wallstcn.com/f778738c-e4f8-4870-b634-56703b4acafe.gif\",\"password\":\"123456\",\"phone\":\"15972130586\",\"email\":\"\",\"username\":\"Dcl\"}', '172.16.41.238', 133, 'admin', '内网IP', 'Chrome-114.0.0.0', NULL, '2023-07-20 16:07:37');
INSERT INTO `sys_log` VALUES (10, '新增用户', 'ERROR', 'com.snow.dcl.controller.SysUserController.save()', '{\"gender\":\"男\",\"nickName\":\"Dcl\",\"avatar\":\"https://wpimg.wallstcn.com/f778738c-e4f8-4870-b634-56703b4acafe.gif\",\"password\":\"123456\",\"phone\":\"15972130586\",\"email\":\"\",\"username\":\"Dcl\"}', '172.16.41.238', 79, 'admin', '内网IP', 'Chrome-114.0.0.0', 'java.lang.ArithmeticException: / by zero\r\n	at com.snow.dcl.service.impl.SysUserServiceImpl.save(SysUserServiceImpl.java:57)\r\n	at com.snow.dcl.controller.SysUserController.save(SysUserController.java:46)\r\n	at com.snow.dcl.controller.SysUserController$$FastClassBySpringCGLIB$$447a0ae1.invoke(<generated>)\r\n	at org.springframework.cglib.proxy.MethodProxy.invoke(MethodProxy.java:218)\r\n	at org.springframework.aop.framework.CglibAopProxy$CglibMethodInvocation.invokeJoinpoint(CglibAopProxy.java:779)\r\n	at org.springframework.aop.framework.ReflectiveMethodInvocation.proceed(ReflectiveMethodInvocation.java:163)\r\n	at org.springframework.aop.framework.CglibAopProxy$CglibMethodInvocation.proceed(CglibAopProxy.java:750)\r\n	at org.springframework.aop.aspectj.AspectJAfterThrowingAdvice.invoke(AspectJAfterThrowingAdvice.java:64)\r\n	at org.springframework.aop.framework.ReflectiveMethodInvocation.proceed(ReflectiveMethodInvocation.java:175)\r\n	at org.springframework.aop.framework.CglibAopProxy$CglibMethodInvocation.proceed(CglibAopProxy.java:750)\r\n	at org.springframework.aop.aspectj.MethodInvocationProceedingJoinPoint.proceed(MethodInvocationProceedingJoinPoint.java:89)\r\n	at com.snow.dcl.aspect.LogAspect.logAround(LogAspect.java:57)\r\n	at sun.reflect.NativeMethodAccessorImpl.invoke0(Native Method)\r\n	at sun.reflect.NativeMethodAccessorImpl.invoke(NativeMethodAccessorImpl.java:62)\r\n	at sun.reflect.DelegatingMethodAccessorImpl.invoke(DelegatingMethodAccessorImpl.java:43)\r\n	at java.lang.reflect.Method.invoke(Method.java:498)\r\n	at org.springframework.aop.aspectj.AbstractAspectJAdvice.invokeAdviceMethodWithGivenArgs(AbstractAspectJAdvice.java:634)\r\n	at org.springframework.aop.aspectj.AbstractAspectJAdvice.invokeAdviceMethod(AbstractAspectJAdvice.java:624)\r\n	at org.springframework.aop.aspectj.AspectJAroundAdvice.invoke(AspectJAroundAdvice.java:72)\r\n	at org.springframework.aop.framework.ReflectiveMethodInvocation.proceed(ReflectiveMethodInvocation.java:175)\r\n	at org.springframework.aop.framework.CglibAopProxy$CglibMethodInvocation.proceed(CglibAopProxy.java:750)\r\n	at org.springframework.aop.interceptor.ExposeInvocationInterceptor.invoke(ExposeInvocationInterceptor.java:97)\r\n	at org.springframework.aop.framework.ReflectiveMethodInvocation.proceed(ReflectiveMethodInvocation.java:186)\r\n	at org.springframework.aop.framework.CglibAopProxy$CglibMethodInvocation.proceed(CglibAopProxy.java:750)\r\n	at org.springframework.aop.framework.CglibAopProxy$DynamicAdvisedInterceptor.intercept(CglibAopProxy.java:692)\r\n	at com.snow.dcl.controller.SysUserController$$EnhancerBySpringCGLIB$$c56bff99.save(<generated>)\r\n	at sun.reflect.NativeMethodAccessorImpl.invoke0(Native Method)\r\n	at sun.reflect.NativeMethodAccessorImpl.invoke(NativeMethodAccessorImpl.java:62)\r\n	at sun.reflect.DelegatingMethodAccessorImpl.invoke(DelegatingMethodAccessorImpl.java:43)\r\n	at java.lang.reflect.Method.invoke(Method.java:498)\r\n	at org.springframework.web.method.support.InvocableHandlerMethod.doInvoke(InvocableHandlerMethod', '2023-07-20 16:08:28');
INSERT INTO `sys_log` VALUES (11, '新增用户', 'ERROR', 'com.snow.dcl.controller.SysUserController.save()', '{\"gender\":\"男\",\"nickName\":\"Dcl\",\"avatar\":\"https://wpimg.wallstcn.com/f778738c-e4f8-4870-b634-56703b4acafe.gif\",\"password\":\"123456\",\"phone\":\"15972130586\",\"email\":\"\",\"username\":\"Dcl\"}', '172.16.41.238', 83, 'admin', '内网IP', 'Chrome-114.0.0.0', 'java.lang.ArithmeticException: / by zero\r\n	at com.snow.dcl.service.impl.SysUserServiceImpl.save(SysUserServiceImpl.java:57)\r\n	at com.snow.dcl.controller.SysUserController.save(SysUserController.java:46)\r\n	at com.snow.dcl.controller.SysUserController$$FastClassBySpringCGLIB$$447a0ae1.invoke(<generated>)\r\n	at org.springframework.cglib.proxy.MethodProxy.invoke(MethodProxy.java:218)\r\n	at org.springframework.aop.framework.CglibAopProxy$CglibMethodInvocation.invokeJoinpoint(CglibAopProxy.java:779)\r\n	at org.springframework.aop.framework.ReflectiveMethodInvocation.proceed(ReflectiveMethodInvocation.java:163)\r\n	at org.springframework.aop.framework.CglibAopProxy$CglibMethodInvocation.proceed(CglibAopProxy.java:750)\r\n	at org.springframework.aop.aspectj.AspectJAfterThrowingAdvice.invoke(AspectJAfterThrowingAdvice.java:64)\r\n	at org.springframework.aop.framework.ReflectiveMethodInvocation.proceed(ReflectiveMethodInvocation.java:175)\r\n	at org.springframework.aop.framework.CglibAopProxy$CglibMethodInvocation.proceed(CglibAopProxy.java:750)\r\n	at org.springframework.aop.aspectj.MethodInvocationProceedingJoinPoint.proceed(MethodInvocationProceedingJoinPoint.java:89)\r\n	at com.snow.dcl.aspect.LogAspect.logAround(LogAspect.java:57)\r\n	at sun.reflect.NativeMethodAccessorImpl.invoke0(Native Method)\r\n	at sun.reflect.NativeMethodAccessorImpl.invoke(NativeMethodAccessorImpl.java:62)\r\n	at sun.reflect.DelegatingMethodAccessorImpl.invoke(DelegatingMethodAccessorImpl.java:43)\r\n	at java.lang.reflect.Method.invoke(Method.java:498)\r\n	at org.springframework.aop.aspectj.AbstractAspectJAdvice.invokeAdviceMethodWithGivenArgs(AbstractAspectJAdvice.java:634)\r\n	at org.springframework.aop.aspectj.AbstractAspectJAdvice.invokeAdviceMethod(AbstractAspectJAdvice.java:624)\r\n	at org.springframework.aop.aspectj.AspectJAroundAdvice.invoke(AspectJAroundAdvice.java:72)\r\n	at org.springframework.aop.framework.ReflectiveMethodInvocation.proceed(ReflectiveMethodInvocation.java:175)\r\n	at org.springframework.aop.framework.CglibAopProxy$CglibMethodInvocation.proceed(CglibAopProxy.java:750)\r\n	at org.springframework.aop.interceptor.ExposeInvocationInterceptor.invoke(ExposeInvocationInterceptor.java:97)\r\n	at org.springframework.aop.framework.ReflectiveMethodInvocation.proceed(ReflectiveMethodInvocation.java:186)\r\n	at org.springframework.aop.framework.CglibAopProxy$CglibMethodInvocation.proceed(CglibAopProxy.java:750)\r\n	at org.springframework.aop.framework.CglibAopProxy$DynamicAdvisedInterceptor.intercept(CglibAopProxy.java:692)\r\n	at com.snow.dcl.controller.SysUserController$$EnhancerBySpringCGLIB$$b32ca462.save(<generated>)\r\n	at sun.reflect.NativeMethodAccessorImpl.invoke0(Native Method)\r\n	at sun.reflect.NativeMethodAccessorImpl.invoke(NativeMethodAccessorImpl.java:62)\r\n	at sun.reflect.DelegatingMethodAccessorImpl.invoke(DelegatingMethodAccessorImpl.java:43)\r\n	at java.lang.reflect.Method.invoke(Method.java:498)\r\n	at org.springframework.web.method.support.InvocableHandlerMethod.doInvoke(InvocableHandlerMethod', '2023-07-20 16:10:51');
INSERT INTO `sys_log` VALUES (12, '新增用户', 'ERROR', 'com.snow.dcl.controller.SysUserController.save()', '{\"gender\":\"男\",\"nickName\":\"Dcl\",\"avatar\":\"https://wpimg.wallstcn.com/f778738c-e4f8-4870-b634-56703b4acafe.gif\",\"password\":\"123456\",\"phone\":\"15972130586\",\"email\":\"\",\"username\":\"Dcl\"}', '172.16.41.238', 67, 'admin', '内网IP', 'Chrome-114.0.0.0', 'java.lang.ArithmeticException: / by zero\r\n	at com.snow.dcl.service.impl.SysUserServiceImpl.save(SysUserServiceImpl.java:57)\r\n	at com.snow.dcl.controller.SysUserController.save(SysUserController.java:46)\r\n	at com.snow.dcl.controller.SysUserController$$FastClassBySpringCGLIB$$447a0ae1.invoke(<generated>)\r\n	at org.springframework.cglib.proxy.MethodProxy.invoke(MethodProxy.java:218)\r\n	at org.springframework.aop.framework.CglibAopProxy$CglibMethodInvocation.invokeJoinpoint(CglibAopProxy.java:779)\r\n	at org.springframework.aop.framework.ReflectiveMethodInvocation.proceed(ReflectiveMethodInvocation.java:163)\r\n	at org.springframework.aop.framework.CglibAopProxy$CglibMethodInvocation.proceed(CglibAopProxy.java:750)\r\n	at org.springframework.aop.aspectj.AspectJAfterThrowingAdvice.invoke(AspectJAfterThrowingAdvice.java:64)\r\n	at org.springframework.aop.framework.ReflectiveMethodInvocation.proceed(ReflectiveMethodInvocation.java:175)\r\n	at org.springframework.aop.framework.CglibAopProxy$CglibMethodInvocation.proceed(CglibAopProxy.java:750)\r\n	at org.springframework.aop.aspectj.MethodInvocationProceedingJoinPoint.proceed(MethodInvocationProceedingJoinPoint.java:89)\r\n	at com.snow.dcl.aspect.LogAspect.logAround(LogAspect.java:57)\r\n	at sun.reflect.NativeMethodAccessorImpl.invoke0(Native Method)\r\n	at sun.reflect.NativeMethodAccessorImpl.invoke(NativeMethodAccessorImpl.java:62)\r\n	at sun.reflect.DelegatingMethodAccessorImpl.invoke(DelegatingMethodAccessorImpl.java:43)\r\n	at java.lang.reflect.Method.invoke(Method.java:498)\r\n	at org.springframework.aop.aspectj.AbstractAspectJAdvice.invokeAdviceMethodWithGivenArgs(AbstractAspectJAdvice.java:634)\r\n	at org.springframework.aop.aspectj.AbstractAspectJAdvice.invokeAdviceMethod(AbstractAspectJAdvice.java:624)\r\n	at org.springframework.aop.aspectj.AspectJAroundAdvice.invoke(AspectJAroundAdvice.java:72)\r\n	at org.springframework.aop.framework.ReflectiveMethodInvocation.proceed(ReflectiveMethodInvocation.java:175)\r\n	at org.springframework.aop.framework.CglibAopProxy$CglibMethodInvocation.proceed(CglibAopProxy.java:750)\r\n	at org.springframework.aop.interceptor.ExposeInvocationInterceptor.invoke(ExposeInvocationInterceptor.java:97)\r\n	at org.springframework.aop.framework.ReflectiveMethodInvocation.proceed(ReflectiveMethodInvocation.java:186)\r\n	at org.springframework.aop.framework.CglibAopProxy$CglibMethodInvocation.proceed(CglibAopProxy.java:750)\r\n	at org.springframework.aop.framework.CglibAopProxy$DynamicAdvisedInterceptor.intercept(CglibAopProxy.java:692)\r\n	at com.snow.dcl.controller.SysUserController$$EnhancerBySpringCGLIB$$b32ca462.save(<generated>)\r\n	at sun.reflect.NativeMethodAccessorImpl.invoke0(Native Method)\r\n	at sun.reflect.NativeMethodAccessorImpl.invoke(NativeMethodAccessorImpl.java:62)\r\n	at sun.reflect.DelegatingMethodAccessorImpl.invoke(DelegatingMethodAccessorImpl.java:43)\r\n	at java.lang.reflect.Method.invoke(Method.java:498)\r\n	at org.springframework.web.method.support.InvocableHandlerMethod.doInvoke(InvocableHandlerMethod', '2023-07-20 16:12:26');
INSERT INTO `sys_log` VALUES (13, '新增用户', 'ERROR', 'com.snow.dcl.controller.SysUserController.save()', '{\"gender\":\"男\",\"nickName\":\"Dcl\",\"avatar\":\"https://wpimg.wallstcn.com/f778738c-e4f8-4870-b634-56703b4acafe.gif\",\"password\":\"123456\",\"phone\":\"15972130586\",\"email\":\"\",\"username\":\"Dcl\"}', '172.16.41.238', 92, 'admin', '内网IP', 'Chrome-114.0.0.0', 'java.lang.ArithmeticException: / by zero\r\n	at com.snow.dcl.service.impl.SysUserServiceImpl.save(SysUserServiceImpl.java:57)\r\n	at com.snow.dcl.controller.SysUserController.save(SysUserController.java:46)\r\n	at com.snow.dcl.controller.SysUserController$$FastClassBySpringCGLIB$$447a0ae1.invoke(<generated>)\r\n	at org.springframework.cglib.proxy.MethodProxy.invoke(MethodProxy.java:218)\r\n	at org.springframework.aop.framework.CglibAopProxy$CglibMethodInvocation.invokeJoinpoint(CglibAopProxy.java:779)\r\n	at org.springframework.aop.framework.ReflectiveMethodInvocation.proceed(ReflectiveMethodInvocation.java:163)\r\n	at org.springframework.aop.framework.CglibAopProxy$CglibMethodInvocation.proceed(CglibAopProxy.java:750)\r\n	at org.springframework.aop.aspectj.AspectJAfterThrowingAdvice.invoke(AspectJAfterThrowingAdvice.java:64)\r\n	at org.springframework.aop.framework.ReflectiveMethodInvocation.proceed(ReflectiveMethodInvocation.java:175)\r\n	at org.springframework.aop.framework.CglibAopProxy$CglibMethodInvocation.proceed(CglibAopProxy.java:750)\r\n	at org.springframework.aop.aspectj.MethodInvocationProceedingJoinPoint.proceed(MethodInvocationProceedingJoinPoint.java:89)\r\n	at com.snow.dcl.aspect.LogAspect.logAround(LogAspect.java:57)\r\n	at sun.reflect.NativeMethodAccessorImpl.invoke0(Native Method)\r\n	at sun.reflect.NativeMethodAccessorImpl.invoke(NativeMethodAccessorImpl.java:62)\r\n	at sun.reflect.DelegatingMethodAccessorImpl.invoke(DelegatingMethodAccessorImpl.java:43)\r\n	at java.lang.reflect.Method.invoke(Method.java:498)\r\n	at org.springframework.aop.aspectj.AbstractAspectJAdvice.invokeAdviceMethodWithGivenArgs(AbstractAspectJAdvice.java:634)\r\n	at org.springframework.aop.aspectj.AbstractAspectJAdvice.invokeAdviceMethod(AbstractAspectJAdvice.java:624)\r\n	at org.springframework.aop.aspectj.AspectJAroundAdvice.invoke(AspectJAroundAdvice.java:72)\r\n	at org.springframework.aop.framework.ReflectiveMethodInvocation.proceed(ReflectiveMethodInvocation.java:175)\r\n	at org.springframework.aop.framework.CglibAopProxy$CglibMethodInvocation.proceed(CglibAopProxy.java:750)\r\n	at org.springframework.aop.interceptor.ExposeInvocationInterceptor.invoke(ExposeInvocationInterceptor.java:97)\r\n	at org.springframework.aop.framework.ReflectiveMethodInvocation.proceed(ReflectiveMethodInvocation.java:186)\r\n	at org.springframework.aop.framework.CglibAopProxy$CglibMethodInvocation.proceed(CglibAopProxy.java:750)\r\n	at org.springframework.aop.framework.CglibAopProxy$DynamicAdvisedInterceptor.intercept(CglibAopProxy.java:692)\r\n	at com.snow.dcl.controller.SysUserController$$EnhancerBySpringCGLIB$$b485c0a0.save(<generated>)\r\n	at sun.reflect.NativeMethodAccessorImpl.invoke0(Native Method)\r\n	at sun.reflect.NativeMethodAccessorImpl.invoke(NativeMethodAccessorImpl.java:62)\r\n	at sun.reflect.DelegatingMethodAccessorImpl.invoke(DelegatingMethodAccessorImpl.java:43)\r\n	at java.lang.reflect.Method.invoke(Method.java:498)\r\n	at org.springframework.web.method.support.InvocableHandlerMethod.doInvoke(InvocableHandlerMethod', '2023-07-20 16:15:25');
INSERT INTO `sys_log` VALUES (14, '新增用户', 'ERROR', 'com.snow.dcl.controller.SysUserController.save()', '{\"gender\":\"男\",\"nickName\":\"Dcl\",\"avatar\":\"https://wpimg.wallstcn.com/f778738c-e4f8-4870-b634-56703b4acafe.gif\",\"password\":\"123456\",\"phone\":\"15972130586\",\"email\":\"\",\"username\":\"Dcl\"}', '172.16.41.238', 79, 'admin', '内网IP', 'Chrome-114.0.0.0', 'java.lang.ArithmeticException: / by zero\r\n	at com.snow.dcl.service.impl.SysUserServiceImpl.save(SysUserServiceImpl.java:57)\r\n	at com.snow.dcl.controller.SysUserController.save(SysUserController.java:46)\r\n	at com.snow.dcl.controller.SysUserController$$FastClassBySpringCGLIB$$447a0ae1.invoke(<generated>)\r\n	at org.springframework.cglib.proxy.MethodProxy.invoke(MethodProxy.java:218)\r\n	at org.springframework.aop.framework.CglibAopProxy$CglibMethodInvocation.invokeJoinpoint(CglibAopProxy.java:779)\r\n	at org.springframework.aop.framework.ReflectiveMethodInvocation.proceed(ReflectiveMethodInvocation.java:163)\r\n	at org.springframework.aop.framework.CglibAopProxy$CglibMethodInvocation.proceed(CglibAopProxy.java:750)\r\n	at org.springframework.aop.aspectj.AspectJAfterThrowingAdvice.invoke(AspectJAfterThrowingAdvice.java:64)\r\n	at org.springframework.aop.framework.ReflectiveMethodInvocation.proceed(ReflectiveMethodInvocation.java:175)\r\n	at org.springframework.aop.framework.CglibAopProxy$CglibMethodInvocation.proceed(CglibAopProxy.java:750)\r\n	at org.springframework.aop.aspectj.MethodInvocationProceedingJoinPoint.proceed(MethodInvocationProceedingJoinPoint.java:89)\r\n	at com.snow.dcl.aspect.LogAspect.logAround(LogAspect.java:58)\r\n	at sun.reflect.NativeMethodAccessorImpl.invoke0(Native Method)\r\n	at sun.reflect.NativeMethodAccessorImpl.invoke(NativeMethodAccessorImpl.java:62)\r\n	at sun.reflect.DelegatingMethodAccessorImpl.invoke(DelegatingMethodAccessorImpl.java:43)\r\n	at java.lang.reflect.Method.invoke(Method.java:498)\r\n	at org.springframework.aop.aspectj.AbstractAspectJAdvice.invokeAdviceMethodWithGivenArgs(AbstractAspectJAdvice.java:634)\r\n	at org.springframework.aop.aspectj.AbstractAspectJAdvice.invokeAdviceMethod(AbstractAspectJAdvice.java:624)\r\n	at org.springframework.aop.aspectj.AspectJAroundAdvice.invoke(AspectJAroundAdvice.java:72)\r\n	at org.springframework.aop.framework.ReflectiveMethodInvocation.proceed(ReflectiveMethodInvocation.java:175)\r\n	at org.springframework.aop.framework.CglibAopProxy$CglibMethodInvocation.proceed(CglibAopProxy.java:750)\r\n	at org.springframework.aop.interceptor.ExposeInvocationInterceptor.invoke(ExposeInvocationInterceptor.java:97)\r\n	at org.springframework.aop.framework.ReflectiveMethodInvocation.proceed(ReflectiveMethodInvocation.java:186)\r\n	at org.springframework.aop.framework.CglibAopProxy$CglibMethodInvocation.proceed(CglibAopProxy.java:750)\r\n	at org.springframework.aop.framework.CglibAopProxy$DynamicAdvisedInterceptor.intercept(CglibAopProxy.java:692)\r\n	at com.snow.dcl.controller.SysUserController$$EnhancerBySpringCGLIB$$7443800d.save(<generated>)\r\n	at sun.reflect.NativeMethodAccessorImpl.invoke0(Native Method)\r\n	at sun.reflect.NativeMethodAccessorImpl.invoke(NativeMethodAccessorImpl.java:62)\r\n	at sun.reflect.DelegatingMethodAccessorImpl.invoke(DelegatingMethodAccessorImpl.java:43)\r\n	at java.lang.reflect.Method.invoke(Method.java:498)\r\n	at org.springframework.web.method.support.InvocableHandlerMethod.doInvoke(InvocableHandlerMethod.java:197)\r\n	at org.springframework.web.method.support.InvocableHandlerMethod.invokeForRequest(InvocableHandlerMethod.java:141)\r\n	at org.springframework.web.servlet.mvc.method.annotation.ServletInvocableHandlerMethod.invokeAndHandle(ServletInvocableHandlerMethod.java:106)\r\n	at org.springframework.web.servlet.mvc.method.annotation.RequestMappingHandlerAdapter.invokeHandlerMethod(RequestMappingHandlerAdapter.java:895)\r\n	at org.springframework.web.servlet.mvc.method.annotation.RequestMappingHandlerAdapter.handleInternal(RequestMappingHandlerAdapter.java:808)\r\n	at org.springframework.web.servlet.mvc.method.AbstractHandlerMethodAdapter.handle(AbstractHandlerMethodAdapter.java:87)\r\n	at org.springframework.web.servlet.DispatcherServlet.doDispatch(DispatcherServlet.java:1064)\r\n	at org.springframework.web.servlet.DispatcherServlet.doService(DispatcherServlet.java:963)\r\n	at org.springframework.web.servlet.FrameworkServlet.processRequest(FrameworkServlet.java:1006)\r\n	at org.springframework.web.servlet.FrameworkServlet.doPost(FrameworkServlet.java:909)\r\n	at javax.servlet.http.HttpServlet.service(HttpServlet.java:681)\r\n	at org.springframework.web.servlet.FrameworkServlet.service(FrameworkServlet.java:883)\r\n	at javax.servlet.http.HttpServlet.service(HttpServlet.java:764)\r\n	at org.apache.catalina.core.ApplicationFilterChain.internalDoFilter(ApplicationFilterChain.java:227)\r\n	at org.apache.catalina.core.ApplicationFilterChain.doFilter(ApplicationFilterChain.java:162)\r\n	at org.apache.tomcat.websocket.server.WsFilter.doFilter(WsFilter.java:53)\r\n	at org.apache.catalina.core.ApplicationFilterChain.internalDoFilter(ApplicationFilterChain.java:189)\r\n	at org.apache.catalina.core.ApplicationFilterChain.doFilter(ApplicationFilterChain.java:162)\r\n	at org.springframework.web.filter.OncePerRequestFilter.doFilter(OncePerRequestFilter.java:113)\r\n	at org.apache.catalina.core.ApplicationFilterChain.internalDoFilter(ApplicationFilterChain.java:189)\r\n	at org.apache.catalina.core.ApplicationFilterChain.doFilter(ApplicationFilterChain.java:162)\r\n	at org.springframework.web.filter.OncePerRequestFilter.doFilter(OncePerRequestFilter.java:113)\r\n	at org.apache.catalina.core.ApplicationFilterChain.internalDoFilter(ApplicationFilterChain.java:189)\r\n	at org.apache.catalina.core.ApplicationFilterChain.doFilter(ApplicationFilterChain.java:162)\r\n	at com.snow.dcl.handler.JwtTokenAuthenticationFilter.doFilterInternal(JwtTokenAuthenticationFilter.java:56)\r\n	at org.springframework.web.filter.OncePerRequestFilter.doFilter(OncePerRequestFilter.java:119)\r\n	at org.apache.catalina.core.ApplicationFilterChain.internalDoFilter(ApplicationFilterChain.java:189)\r\n	at org.apache.catalina.core.ApplicationFilterChain.doFilter(ApplicationFilterChain.java:162)\r\n	at org.springframework.security.web.FilterChainProxy$VirtualFilterChain.doFilter(FilterChainProxy.java:327)\r\n	at org.springframework.security.web.access.intercept.FilterSecurityInterceptor.invoke(FilterSecurityInterceptor.java:115)\r\n	at org.springframework.security.web.access.intercept.FilterSecurityInterceptor.doFilter(FilterSecurityInterceptor.java:81)\r\n	at org.springframework.security.web.FilterChainProxy$VirtualFilterChain.doFilter(FilterChainProxy.java:336)\r\n	at org.springframework.security.web.access.ExceptionTranslationFilter.doFilter(ExceptionTranslationFilter.java:121)\r\n	at org.springframework.security.web.access.ExceptionTranslationFilter.doFilter(ExceptionTranslationFilter.java:115)\r\n	at org.springframework.security.web.FilterChainProxy$VirtualFilterChain.doFilter(FilterChainProxy.java:336)\r\n	at org.springframework.security.web.session.SessionManagementFilter.doFilter(SessionManagementFilter.java:126)\r\n	at org.springframework.security.web.session.SessionManagementFilter.doFilter(SessionManagementFilter.java:81)\r\n	at org.springframework.security.web.FilterChainProxy$VirtualFilterChain.doFilter(FilterChainProxy.java:336)\r\n	at org.springframework.security.web.authentication.AnonymousAuthenticationFilter.doFilter(AnonymousAuthenticationFilter.java:105)\r\n	at org.springframework.security.web.FilterChainProxy$VirtualFilterChain.doFilter(FilterChainProxy.java:336)\r\n	at org.springframework.security.web.servletapi.SecurityContextHolderAwareRequestFilter.doFilter(SecurityContextHolderAwareRequestFilter.java:149)\r\n	at org.springframework.security.web.FilterChainProxy$VirtualFilterChain.doFilter(FilterChainProxy.java:336)\r\n	at org.springframework.security.web.savedrequest.RequestCacheAwareFilter.doFilter(RequestCacheAwareFilter.java:63)\r\n	at org.springframework.security.web.FilterChainProxy$VirtualFilterChain.doFilter(FilterChainProxy.java:336)\r\n	at com.snow.dcl.handler.JwtTokenAuthenticationFilter.doFilterInternal(JwtTokenAuthenticationFilter.java:84)\r\n	at org.springframework.web.filter.OncePerRequestFilter.doFilter(OncePerRequestFilter.java:119)\r\n	at org.springframework.security.web.FilterChainProxy$VirtualFilterChain.doFilter(FilterChainProxy.java:336)\r\n	at org.springframework.security.web.authentication.logout.LogoutFilter.doFilter(LogoutFilter.java:103)\r\n	at org.springframework.security.web.authentication.logout.LogoutFilter.doFilter(LogoutFilter.java:89)\r\n	at org.springframework.security.web.FilterChainProxy$VirtualFilterChain.doFilter(FilterChainProxy.java:336)\r\n	at org.springframework.web.filter.CorsFilter.doFilterInternal(CorsFilter.java:91)\r\n	at org.springframework.web.filter.OncePerRequestFilter.doFilter(OncePerRequestFilter.java:119)\r\n	at org.springframework.security.web.FilterChainProxy$VirtualFilterChain.doFilter(FilterChainProxy.java:336)\r\n	at org.springframework.security.web.header.HeaderWriterFilter.doHeadersAfter(HeaderWriterFilter.java:90)\r\n	at org.springframework.security.web.header.HeaderWriterFilter.doFilterInternal(HeaderWriterFilter.java:75)\r\n	at org.springframework.web.filter.OncePerRequestFilter.doFilter(OncePerRequestFilter.java:119)\r\n	at org.springframework.security.web.FilterChainProxy$VirtualFilterChain.doFilter(FilterChainProxy.java:336)\r\n	at org.springframework.security.web.context.SecurityContextPersistenceFilter.doFilter(SecurityContextPersistenceFilter.java:110)\r\n	at org.springframework.security.web.context.SecurityContextPersistenceFilter.doFilter(SecurityContextPersistenceFilter.java:80)\r\n	at org.springframework.security.web.FilterChainProxy$VirtualFilterChain.doFilter(FilterChainProxy.java:336)\r\n	at org.springframework.security.web.context.request.async.WebAsyncManagerIntegrationFilter.doFilterInternal(WebAsyncManagerIntegrationFilter.java:55)\r\n	at org.springframework.web.filter.OncePerRequestFilter.doFilter(OncePerRequestFilter.java:119)\r\n	at org.springframework.security.web.FilterChainProxy$VirtualFilterChain.doFilter(FilterChainProxy.java:336)\r\n	at org.springframework.security.web.FilterChainProxy.doFilterInternal(FilterChainProxy.java:211)\r\n	at org.springframework.security.web.FilterChainProxy.doFilter(FilterChainProxy.java:183)\r\n	at org.springframework.web.filter.DelegatingFilterProxy.invokeDelegate(DelegatingFilterProxy.java:358)\r\n	at org.springframework.web.filter.DelegatingFilterProxy.doFilter(DelegatingFilterProxy.java:271)\r\n	at org.apache.catalina.core.ApplicationFilterChain.internalDoFilter(ApplicationFilterChain.java:189)\r\n	at org.apache.catalina.core.ApplicationFilterChain.doFilter(ApplicationFilterChain.java:162)\r\n	at org.springframework.web.filter.RequestContextFilter.doFilterInternal(RequestContextFilter.java:100)\r\n	at org.springframework.web.filter.OncePerRequestFilter.doFilter(OncePerRequestFilter.java:119)\r\n	at org.apache.catalina.core.ApplicationFilterChain.internalDoFilter(ApplicationFilterChain.java:189)\r\n	at org.apache.catalina.core.ApplicationFilterChain.doFilter(ApplicationFilterChain.java:162)\r\n	at org.springframework.web.filter.FormContentFilter.doFilterInternal(FormContentFilter.java:93)\r\n	at org.springframework.web.filter.OncePerRequestFilter.doFilter(OncePerRequestFilter.java:119)\r\n	at org.apache.catalina.core.ApplicationFilterChain.internalDoFilter(ApplicationFilterChain.java:189)\r\n	at org.apache.catalina.core.ApplicationFilterChain.doFilter(ApplicationFilterChain.java:162)\r\n	at org.springframework.web.filter.CharacterEncodingFilter.doFilterInternal(CharacterEncodingFilter.java:201)\r\n	at org.springframework.web.filter.OncePerRequestFilter.doFilter(OncePerRequestFilter.java:119)\r\n	at org.apache.catalina.core.ApplicationFilterChain.internalDoFilter(ApplicationFilterChain.java:189)\r\n	at org.apache.catalina.core.ApplicationFilterChain.doFilter(ApplicationFilterChain.java:162)\r\n	at org.apache.catalina.core.StandardWrapperValve.invoke(StandardWrapperValve.java:197)\r\n	at org.apache.catalina.core.StandardContextValve.invoke(StandardContextValve.java:97)\r\n	at org.apache.catalina.authenticator.AuthenticatorBase.invoke(AuthenticatorBase.java:542)\r\n	at org.apache.catalina.core.StandardHostValve.invoke(StandardHostValve.java:135)\r\n	at org.apache.catalina.valves.ErrorReportValve.invoke(ErrorReportValve.java:92)\r\n	at org.apache.catalina.core.StandardEngineValve.invoke(StandardEngineValve.java:78)\r\n	at org.apache.catalina.connector.CoyoteAdapter.service(CoyoteAdapter.java:357)\r\n	at org.apache.coyote.http11.Http11Processor.service(Http11Processor.java:382)\r\n	at org.apache.coyote.AbstractProcessorLight.process(AbstractProcessorLight.java:65)\r\n	at org.apache.coyote.AbstractProtocol$ConnectionHandler.process(AbstractProtocol.java:893)\r\n	at org.apache.tomcat.util.net.NioEndpoint$SocketProcessor.doRun(NioEndpoint.java:1726)\r\n	at org.apache.tomcat.util.net.SocketProcessorBase.run(SocketProcessorBase.java:49)\r\n	at org.apache.tomcat.util.threads.ThreadPoolExecutor.runWorker(ThreadPoolExecutor.java:1191)\r\n	at org.apache.tomcat.util.threads.ThreadPoolExecutor$Worker.run(ThreadPoolExecutor.java:659)\r\n	at org.apache.tomcat.util.threads.TaskThread$WrappingRunnable.run(TaskThread.java:61)\r\n	at java.lang.Thread.run(Thread.java:748)\r', '2023-07-20 16:16:55');
INSERT INTO `sys_log` VALUES (15, '用户登出', 'INFO', 'com.snow.dcl.controller.LoginController.logout()', '', '172.16.41.238', 5, 'admin', '内网IP', 'Chrome-114.0.0.0', NULL, '2023-07-20 16:21:53');
INSERT INTO `sys_log` VALUES (16, '用户登录', 'INFO', 'com.snow.dcl.controller.LoginController.login()', '{\"username\":\"admin\"}', '192.168.6.29', 401, 'admin', '内网IP', 'Chrome-114.0.0.0', NULL, '2023-07-26 16:18:38');
INSERT INTO `sys_log` VALUES (17, '用户登录', 'INFO', 'com.snow.dcl.controller.LoginController.login()', '{\"username\":\"admin\"}', '10.0.0.3', 389, 'admin', '内网IP', 'Chrome-115.0.0.0', NULL, '2023-07-29 00:22:28');
INSERT INTO `sys_log` VALUES (18, '用户登出', 'INFO', 'com.snow.dcl.controller.LoginController.logout()', '', '10.0.0.3', 1, 'admin', '内网IP', 'Chrome-115.0.0.0', NULL, '2023-07-29 00:23:32');
INSERT INTO `sys_log` VALUES (19, '用户登录', 'INFO', 'com.snow.dcl.controller.LoginController.login()', '{\"username\":\"admin\"}', '10.0.0.3', 108, 'admin', '内网IP', 'Chrome-115.0.0.0', NULL, '2023-07-29 00:32:52');
INSERT INTO `sys_log` VALUES (20, '用户登录', 'INFO', 'com.snow.dcl.controller.LoginController.login()', '{\"username\":\"admin\"}', '10.0.0.3', 294, 'admin', '内网IP', 'Chrome-115.0.0.0', NULL, '2023-07-29 00:52:35');
INSERT INTO `sys_log` VALUES (21, '用户登出', 'INFO', 'com.snow.dcl.controller.LoginController.logout()', '', '10.0.0.3', 3, 'admin', '内网IP', 'Chrome-115.0.0.0', NULL, '2023-07-29 00:52:51');
INSERT INTO `sys_log` VALUES (22, '用户登录', 'INFO', 'com.snow.dcl.controller.LoginController.login()', '{\"username\":\"admin\"}', '10.0.0.3', 143, 'admin', '内网IP', 'Chrome-115.0.0.0', NULL, '2023-07-29 00:52:56');
INSERT INTO `sys_log` VALUES (23, '用户登录', 'INFO', 'com.snow.dcl.controller.LoginController.login()', '{\"username\":\"admin\"}', '10.0.0.3', 117, 'admin', '内网IP', 'Chrome-115.0.0.0', NULL, '2023-07-29 00:54:33');
INSERT INTO `sys_log` VALUES (24, '用户登录', 'INFO', 'com.snow.dcl.controller.LoginController.login()', '{\"username\":\"admin\"}', '10.0.0.3', 393, 'admin', '内网IP', 'Chrome-115.0.0.0', NULL, '2023-07-29 11:26:26');
INSERT INTO `sys_log` VALUES (25, '用户登录', 'INFO', 'com.snow.dcl.controller.LoginController.login()', '{\"username\":\"admin\"}', '10.0.0.3', 320, 'admin', '内网IP', 'Chrome-115.0.0.0', NULL, '2023-07-29 16:32:40');
INSERT INTO `sys_log` VALUES (26, '用户登录', 'INFO', 'com.snow.dcl.controller.LoginController.login()', '{\"username\":\"admin\"}', '10.0.0.3', 114, 'admin', '内网IP', 'Chrome-115.0.0.0', NULL, '2023-07-30 21:22:19');

-- ----------------------------
-- Table structure for sys_permission
-- ----------------------------
DROP TABLE IF EXISTS `sys_permission`;
CREATE TABLE `sys_permission`  (
  `id` bigint(20) NOT NULL AUTO_INCREMENT COMMENT '权限id',
  `pid` bigint(20) NOT NULL COMMENT '所属上级id',
  `name` varchar(20) CHARACTER SET utf8 COLLATE utf8_general_ci NOT NULL DEFAULT '' COMMENT '权限名称',
  `type` tinyint(3) NOT NULL DEFAULT 0 COMMENT '类型(1:菜单,2:按钮)',
  `permission_value` varchar(50) CHARACTER SET utf8 COLLATE utf8_general_ci NULL DEFAULT NULL COMMENT '权限值',
  `path` varchar(100) CHARACTER SET utf8 COLLATE utf8_general_ci NULL DEFAULT NULL COMMENT '访问路径',
  `component` varchar(100) CHARACTER SET utf8 COLLATE utf8_general_ci NULL DEFAULT NULL COMMENT '组件路径',
  `icon` varchar(50) CHARACTER SET utf8 COLLATE utf8_general_ci NULL DEFAULT NULL COMMENT '图标',
  `status` tinyint(4) NULL DEFAULT NULL COMMENT '状态(0:禁止,1:正常)',
  `is_deleted` tinyint(1) UNSIGNED NOT NULL DEFAULT 0 COMMENT '逻辑删除 1（true）已删除， 0（false）未删除',
  `create_time` datetime(0) NULL DEFAULT NULL COMMENT '创建时间',
  `update_time` datetime(0) NULL DEFAULT NULL COMMENT '更新时间',
  PRIMARY KEY (`id`) USING BTREE,
  INDEX `idx_pid`(`pid`) USING BTREE
) ENGINE = InnoDB AUTO_INCREMENT = 1031 CHARACTER SET = utf8 COLLATE = utf8_general_ci COMMENT = '权限' ROW_FORMAT = Dynamic;

-- ----------------------------
-- Records of sys_permission
-- ----------------------------
INSERT INTO `sys_permission` VALUES (1, 0, '全部数据', 0, NULL, NULL, NULL, 'el-icon-s-tools', 1, 0, '2019-11-15 17:13:06', '2019-11-15 17:13:06');
INSERT INTO `sys_permission` VALUES (10, 1, '系统管理', 1, NULL, '/acl', 'Layout', 'el-icon-s-operation', 1, 0, '2019-11-15 17:13:06', '2019-11-18 13:54:25');
INSERT INTO `sys_permission` VALUES (11, 1, '讲师管理', 1, NULL, '/teacher', 'Layout', 'el-icon-more-outline', 1, 0, '2019-11-15 22:34:49', '2019-11-15 22:34:49');
INSERT INTO `sys_permission` VALUES (12, 1, '课程分类', 1, NULL, '/subject', 'Layout', NULL, 1, 0, '2019-11-15 22:38:15', '2019-11-15 22:38:15');
INSERT INTO `sys_permission` VALUES (13, 1, '课程管理', 1, NULL, '/course', 'Layout', NULL, 1, 0, '2019-11-15 22:40:21', '2019-11-15 22:40:21');
INSERT INTO `sys_permission` VALUES (14, 1, '统计分析', 1, NULL, '/statistics', 'Layout', NULL, 1, 0, '2019-11-15 22:44:27', '2019-11-15 22:44:27');
INSERT INTO `sys_permission` VALUES (15, 1, '内容管理', 1, NULL, '/cms', 'Layout', NULL, 1, 0, '2019-11-15 22:47:11', '2021-04-27 14:29:47');
INSERT INTO `sys_permission` VALUES (16, 1, '订单管理', 1, NULL, '/order', 'Layout', NULL, 1, 0, '2019-11-15 22:53:15', '2019-11-15 22:53:15');
INSERT INTO `sys_permission` VALUES (17, 1, '系统监控', 1, NULL, NULL, NULL, NULL, 1, 0, '2023-07-30 21:21:19', '2023-07-30 21:21:22');
INSERT INTO `sys_permission` VALUES (100, 10, '用户管理', 1, NULL, 'user/list', '/acl/user/list', 'el-icon-s-custom', 1, 0, '2019-11-15 17:13:40', '2019-11-18 13:53:12');
INSERT INTO `sys_permission` VALUES (101, 10, '角色管理', 1, NULL, 'role/list', '/acl/role/list', 'el-icon-user-solid', 1, 0, '2019-11-15 17:14:21', '2019-11-15 17:14:21');
INSERT INTO `sys_permission` VALUES (102, 10, '菜单管理', 1, NULL, 'menu/list', '/acl/menu/list', 'el-icon-s-unfold', 1, 0, '2019-11-15 17:14:46', '2019-11-15 17:14:46');
INSERT INTO `sys_permission` VALUES (103, 11, '讲师列表', 1, NULL, 'table', '/edu/teacher/list', NULL, 1, 0, '2019-11-15 22:35:52', '2019-11-15 22:35:52');
INSERT INTO `sys_permission` VALUES (104, 11, '添加讲师', 1, NULL, 'save', '/edu/teacher/save', NULL, 1, 0, '2019-11-15 22:36:18', '2019-11-15 22:36:18');
INSERT INTO `sys_permission` VALUES (105, 12, '课程分类列表', 1, NULL, 'list', '/edu/subject/list', NULL, 1, 0, '2019-11-15 22:38:38', '2019-11-15 22:38:38');
INSERT INTO `sys_permission` VALUES (106, 12, '导入课程分类', 1, NULL, 'save', '/edu/subject/save', NULL, 1, 0, '2019-11-15 22:39:03', '2019-11-15 22:39:03');
INSERT INTO `sys_permission` VALUES (107, 13, '课程列表', 1, NULL, 'list', '/edu/course/list', NULL, 1, 0, '2019-11-15 22:40:42', '2019-11-15 22:40:42');
INSERT INTO `sys_permission` VALUES (108, 13, '发布课程', 1, NULL, 'info', '/edu/course/info', NULL, 1, 0, '2019-11-15 22:41:06', '2019-11-15 22:41:06');
INSERT INTO `sys_permission` VALUES (109, 14, '生成统计', 1, NULL, 'create', '/statistics/create', NULL, 1, 0, '2019-11-15 22:44:53', '2019-11-15 22:44:53');
INSERT INTO `sys_permission` VALUES (110, 14, '统计图表', 1, NULL, 'show', '/statistics/show', NULL, 1, 0, '2019-11-15 22:45:13', '2019-11-15 22:45:13');
INSERT INTO `sys_permission` VALUES (111, 14, '数据统计', 1, NULL, 'allDataShow', '/statistics/allDataShow', NULL, 1, 0, '2021-02-21 11:42:53', '2021-02-21 11:42:57');
INSERT INTO `sys_permission` VALUES (112, 15, 'Bander列表', 1, NULL, 'banner/list', '/cms/banner/list', NULL, 1, 0, '2019-11-15 22:51:01', '2019-11-18 10:51:29');
INSERT INTO `sys_permission` VALUES (113, 15, 'Bander预览', 1, NULL, 'banner/show', '/cms/banner/show', NULL, 1, 0, '2021-04-27 14:24:29', '2021-04-27 14:24:31');
INSERT INTO `sys_permission` VALUES (114, 16, '订单列表', 1, NULL, 'list', '/order/list', NULL, 1, 0, '2019-11-15 22:53:33', '2019-11-15 22:53:58');
INSERT INTO `sys_permission` VALUES (115, 16, '订单预览', 1, NULL, 'show', 'order/show', NULL, 1, 0, '2021-04-27 14:27:53', '2021-04-27 14:27:53');
INSERT INTO `sys_permission` VALUES (1000, 100, '查看', 2, 'user.list', '', '', NULL, 1, 0, '2019-11-15 17:15:45', '2019-11-17 21:57:16');
INSERT INTO `sys_permission` VALUES (1001, 100, '添加', 2, 'user.add', 'user/add', '/acl/user/form', NULL, 1, 0, '2019-11-15 17:16:22', '2019-11-15 17:16:22');
INSERT INTO `sys_permission` VALUES (1002, 100, '修改', 2, 'user.update', 'user/update/:id', '/acl/user/form', NULL, 1, 0, '2019-11-15 17:17:04', '2019-11-15 17:17:04');
INSERT INTO `sys_permission` VALUES (1003, 100, '删除', 2, 'user.remove', '', '', NULL, 1, 0, '2019-11-15 17:17:22', '2019-11-15 17:17:22');
INSERT INTO `sys_permission` VALUES (1004, 101, '修改', 2, 'role.update', 'role/update/:id', '/acl/role/form', NULL, 1, 0, '2019-11-15 17:18:27', '2019-11-15 17:19:53');
INSERT INTO `sys_permission` VALUES (1005, 101, '查看', 2, 'role.list', '', '', NULL, 1, 0, '2019-11-15 17:18:47', '2019-11-15 17:18:47');
INSERT INTO `sys_permission` VALUES (1006, 101, '添加', 2, 'role.add', 'role/add', '/acl/role/form', NULL, 1, 0, '2019-11-15 17:19:19', '2019-11-18 11:05:42');
INSERT INTO `sys_permission` VALUES (1007, 101, '删除', 2, 'role.remove', '', '', NULL, 1, 0, '2019-11-15 17:20:55', '2019-11-15 17:20:55');
INSERT INTO `sys_permission` VALUES (1008, 101, '角色权限', 2, 'role.acl', 'role/distribution/:id', '/acl/role/roleForm', NULL, 1, 0, '2019-11-15 17:21:38', '2019-11-15 17:21:38');
INSERT INTO `sys_permission` VALUES (1009, 102, '查看', 2, 'permission.list', '', '', NULL, 1, 0, '2019-11-15 17:22:07', '2019-11-15 17:22:07');
INSERT INTO `sys_permission` VALUES (1010, 102, '添加', 2, 'permission.add', '', '', NULL, 1, 0, '2019-11-15 17:22:23', '2019-11-15 17:22:23');
INSERT INTO `sys_permission` VALUES (1011, 102, '修改', 2, 'permission.update', '', '', NULL, 1, 0, '2019-11-15 17:22:35', '2019-11-15 17:22:35');
INSERT INTO `sys_permission` VALUES (1012, 102, '删除', 2, 'permission.remove', '', '', NULL, 1, 0, '2019-11-15 17:22:41', '2019-11-15 17:22:41');
INSERT INTO `sys_permission` VALUES (1013, 104, '添加', 2, 'teacher.add', '', '', NULL, 1, 0, '2019-11-15 22:36:34', '2019-11-15 22:36:34');
INSERT INTO `sys_permission` VALUES (1014, 103, '查看', 2, 'teacher.list', '', '', NULL, 1, 0, '2019-11-15 22:36:58', '2019-11-15 22:36:58');
INSERT INTO `sys_permission` VALUES (1015, 103, '修改', 2, 'teacher.update', 'edit/:id', '/edu/teacher/save', NULL, 1, 0, '2019-11-15 22:37:31', '2019-11-15 22:37:31');
INSERT INTO `sys_permission` VALUES (1016, 103, '删除', 2, 'teacher.remove', '', '', NULL, 1, 0, '2019-11-15 22:37:48', '2019-11-15 22:37:48');
INSERT INTO `sys_permission` VALUES (1017, 105, '查看', 2, 'subject.list', '', '', NULL, 1, 0, '2019-11-15 22:39:29', '2019-11-15 22:39:29');
INSERT INTO `sys_permission` VALUES (1018, 106, '导入', 2, 'subject.import', '', '', NULL, 1, 0, '2019-11-15 22:39:47', '2019-11-15 22:39:47');
INSERT INTO `sys_permission` VALUES (1019, 107, '完成发布', 2, 'course.publish', 'publish/:id', '/edu/course/publish', NULL, 1, 0, '2019-11-15 22:41:40', '2019-11-15 22:44:01');
INSERT INTO `sys_permission` VALUES (1020, 107, '编辑课程', 2, 'course.update', 'info/:id', '/edu/course/info', NULL, 1, 0, '2019-11-15 22:42:19', '2019-11-15 22:42:19');
INSERT INTO `sys_permission` VALUES (1021, 107, '编辑课程大纲', 2, 'chapter.update', 'chapter/:id', '/edu/course/chapter', NULL, 1, 0, '2019-11-15 22:43:17', '2019-11-15 22:43:17');
INSERT INTO `sys_permission` VALUES (1022, 110, '查看', 2, 'daily.list', '', '', NULL, 1, 0, '2019-11-15 22:45:30', '2019-11-15 22:45:30');
INSERT INTO `sys_permission` VALUES (1023, 109, '生成', 2, 'daily.add', '', '', NULL, 1, 0, '2019-11-15 22:45:51', '2019-11-15 22:45:51');
INSERT INTO `sys_permission` VALUES (1024, 112, '查看', 2, 'banner.list', '', '', NULL, 1, 0, '2019-11-15 22:48:24', '2019-11-15 22:48:24');
INSERT INTO `sys_permission` VALUES (1025, 112, '添加', 2, 'banner.add', 'banner/add', '/cms/banner/form', NULL, 1, 0, '2019-11-15 22:48:37', '2019-11-18 10:52:10');
INSERT INTO `sys_permission` VALUES (1026, 112, '修改', 2, 'banner.update', 'banner/update/:id', '/cms/banner/form', NULL, 1, 0, '2019-11-15 22:49:11', '2019-11-18 10:52:05');
INSERT INTO `sys_permission` VALUES (1027, 112, '删除', 2, 'banner.remove', '', '', NULL, 1, 0, '2019-11-15 22:51:39', '2019-11-15 22:51:39');
INSERT INTO `sys_permission` VALUES (1028, 114, '查看', 2, 'order.list', '', '', NULL, 1, 0, '2019-11-15 22:54:12', '2019-11-15 22:54:12');
INSERT INTO `sys_permission` VALUES (1029, 100, '分配角色', 2, 'user.assgin', 'user/role/:id', '/acl/user/roleForm', NULL, 1, 0, '2019-11-18 13:38:56', '2019-11-18 13:38:56');
INSERT INTO `sys_permission` VALUES (1030, 115, '查看', 2, 'select', '', '', NULL, 1, 0, '2021-04-29 16:59:09', '2021-04-29 16:59:09');

-- ----------------------------
-- Table structure for sys_role
-- ----------------------------
DROP TABLE IF EXISTS `sys_role`;
CREATE TABLE `sys_role`  (
  `id` bigint(20) NOT NULL AUTO_INCREMENT COMMENT '角色id',
  `role_name` varchar(20) CHARACTER SET utf8 COLLATE utf8_general_ci NOT NULL DEFAULT '' COMMENT '角色名称',
  `role_code` varchar(20) CHARACTER SET utf8 COLLATE utf8_general_ci NULL DEFAULT NULL COMMENT '角色编码',
  `remark` varchar(255) CHARACTER SET utf8 COLLATE utf8_general_ci NULL DEFAULT NULL COMMENT '备注',
  `is_deleted` tinyint(1) UNSIGNED NOT NULL DEFAULT 0 COMMENT '逻辑删除 1（true）已删除， 0（false）未删除',
  `create_time` datetime(0) NOT NULL COMMENT '创建时间',
  `update_time` datetime(0) NOT NULL COMMENT '更新时间',
  PRIMARY KEY (`id`) USING BTREE
) ENGINE = InnoDB AUTO_INCREMENT = 8 CHARACTER SET = utf8 COLLATE = utf8_general_ci ROW_FORMAT = Dynamic;

-- ----------------------------
-- Records of sys_role
-- ----------------------------
INSERT INTO `sys_role` VALUES (1, '系统管理员', 'SUPER_ADMIN', '系统所有菜单和按钮管理权限', 0, '2019-11-11 13:09:32', '2019-11-18 10:27:18');
INSERT INTO `sys_role` VALUES (2, '课程管理员', 'CLASS_ADMIN', '课程相关菜单和按钮管理权限', 0, '2019-11-11 13:09:45', '2019-11-18 10:25:44');
INSERT INTO `sys_role` VALUES (6, '普通角色', 'COMMON_ROLE', '系统所有菜单数据查看权限', 0, '2021-08-27 11:13:06', '2021-08-27 11:13:06');
INSERT INTO `sys_role` VALUES (7, '测试角色', 'TEST_ROLE', '具备系统所有菜单和按钮管理测试权限', 0, '2021-09-15 10:39:33', '2021-09-15 10:40:30');

-- ----------------------------
-- Table structure for sys_role_permission
-- ----------------------------
DROP TABLE IF EXISTS `sys_role_permission`;
CREATE TABLE `sys_role_permission`  (
  `id` bigint(20) NOT NULL AUTO_INCREMENT COMMENT '主键id',
  `role_id` bigint(20) NOT NULL COMMENT '角色id',
  `permission_id` bigint(20) NOT NULL COMMENT '权限id',
  `is_deleted` tinyint(1) UNSIGNED NOT NULL DEFAULT 0 COMMENT '逻辑删除 1（true）已删除， 0（false）未删除',
  `create_time` datetime(0) NOT NULL COMMENT '创建时间',
  `update_time` datetime(0) NOT NULL COMMENT '更新时间',
  PRIMARY KEY (`id`) USING BTREE,
  INDEX `idx_role_id`(`role_id`) USING BTREE,
  INDEX `idx_permission_id`(`permission_id`) USING BTREE
) ENGINE = InnoDB AUTO_INCREMENT = 79 CHARACTER SET = utf8 COLLATE = utf8_general_ci COMMENT = '角色权限' ROW_FORMAT = Dynamic;

-- ----------------------------
-- Records of sys_role_permission
-- ----------------------------
INSERT INTO `sys_role_permission` VALUES (1, 1, 1030, 0, '2021-08-26 23:16:40', '2021-08-26 23:16:42');
INSERT INTO `sys_role_permission` VALUES (2, 1, 1028, 0, '2021-08-26 23:16:01', '2021-08-26 23:16:03');
INSERT INTO `sys_role_permission` VALUES (3, 1, 1029, 0, '2021-08-26 23:16:24', '2021-08-26 23:16:26');
INSERT INTO `sys_role_permission` VALUES (4, 1, 1023, 0, '2019-11-18 14:22:30', '2019-11-18 14:22:30');
INSERT INTO `sys_role_permission` VALUES (5, 1, 1024, 0, '2019-11-18 14:22:30', '2019-11-18 14:22:30');
INSERT INTO `sys_role_permission` VALUES (6, 1, 1025, 0, '2019-11-18 14:22:30', '2019-11-18 14:22:30');
INSERT INTO `sys_role_permission` VALUES (7, 1, 1026, 0, '2019-11-18 14:22:30', '2019-11-18 14:22:30');
INSERT INTO `sys_role_permission` VALUES (8, 1, 15, 0, '2019-11-18 14:22:29', '2019-11-18 14:22:29');
INSERT INTO `sys_role_permission` VALUES (9, 1, 1, 0, '2019-11-18 14:22:29', '2019-11-18 14:22:29');
INSERT INTO `sys_role_permission` VALUES (10, 1, 10, 0, '2019-11-18 14:22:29', '2019-11-18 14:22:29');
INSERT INTO `sys_role_permission` VALUES (11, 1, 11, 0, '2019-11-18 14:22:29', '2019-11-18 14:22:29');
INSERT INTO `sys_role_permission` VALUES (12, 1, 12, 0, '2019-11-18 14:22:29', '2019-11-18 14:22:29');
INSERT INTO `sys_role_permission` VALUES (13, 1, 13, 0, '2019-11-18 14:22:29', '2019-11-18 14:22:29');
INSERT INTO `sys_role_permission` VALUES (14, 1, 14, 0, '2019-11-18 14:22:29', '2019-11-18 14:22:29');
INSERT INTO `sys_role_permission` VALUES (15, 1, 1027, 0, '2021-05-10 15:10:28', '2021-05-10 15:10:31');
INSERT INTO `sys_role_permission` VALUES (16, 1, 16, 0, '2019-11-18 14:22:29', '2019-11-18 14:22:29');
INSERT INTO `sys_role_permission` VALUES (17, 1, 100, 0, '2019-11-18 14:22:29', '2019-11-18 14:22:29');
INSERT INTO `sys_role_permission` VALUES (18, 1, 101, 0, '2019-11-18 14:22:29', '2019-11-18 14:22:29');
INSERT INTO `sys_role_permission` VALUES (19, 1, 102, 0, '2019-11-18 14:22:29', '2019-11-18 14:22:29');
INSERT INTO `sys_role_permission` VALUES (20, 1, 103, 0, '2019-11-18 14:22:29', '2019-11-18 14:22:29');
INSERT INTO `sys_role_permission` VALUES (21, 1, 104, 0, '2019-11-18 14:22:29', '2019-11-18 14:22:29');
INSERT INTO `sys_role_permission` VALUES (22, 1, 105, 0, '2019-11-18 14:22:29', '2019-11-18 14:22:29');
INSERT INTO `sys_role_permission` VALUES (23, 1, 106, 0, '2019-11-18 14:22:29', '2019-11-18 14:22:29');
INSERT INTO `sys_role_permission` VALUES (24, 1, 107, 0, '2019-11-18 14:22:29', '2019-11-18 14:22:29');
INSERT INTO `sys_role_permission` VALUES (25, 1, 108, 0, '2019-11-18 14:22:30', '2019-11-18 14:22:30');
INSERT INTO `sys_role_permission` VALUES (26, 1, 109, 0, '2019-11-18 14:22:30', '2019-11-18 14:22:30');
INSERT INTO `sys_role_permission` VALUES (27, 1, 110, 0, '2019-11-18 14:22:30', '2019-11-18 14:22:30');
INSERT INTO `sys_role_permission` VALUES (28, 1, 111, 0, '2019-11-18 14:22:30', '2019-11-18 14:22:30');
INSERT INTO `sys_role_permission` VALUES (29, 1, 112, 0, '2019-11-18 14:22:30', '2019-11-18 14:22:30');
INSERT INTO `sys_role_permission` VALUES (30, 1, 113, 0, '2019-11-18 14:22:30', '2019-11-18 14:22:30');
INSERT INTO `sys_role_permission` VALUES (31, 1, 114, 0, '2019-11-18 14:22:30', '2019-11-18 14:22:30');
INSERT INTO `sys_role_permission` VALUES (32, 1, 115, 0, '2019-11-18 14:22:30', '2019-11-18 14:22:30');
INSERT INTO `sys_role_permission` VALUES (33, 1, 1000, 0, '2019-11-18 14:22:30', '2019-11-18 14:22:30');
INSERT INTO `sys_role_permission` VALUES (34, 1, 1001, 0, '2019-11-18 14:22:30', '2019-11-18 14:22:30');
INSERT INTO `sys_role_permission` VALUES (35, 1, 1002, 0, '2019-11-18 14:22:30', '2019-11-18 14:22:30');
INSERT INTO `sys_role_permission` VALUES (36, 1, 1003, 0, '2019-11-18 14:22:30', '2019-11-18 14:22:30');
INSERT INTO `sys_role_permission` VALUES (37, 1, 1004, 0, '2019-11-18 14:22:30', '2019-11-18 14:22:30');
INSERT INTO `sys_role_permission` VALUES (38, 1, 1005, 0, '2019-11-18 14:22:30', '2019-11-18 14:22:30');
INSERT INTO `sys_role_permission` VALUES (39, 1, 1006, 0, '2019-11-18 14:22:30', '2019-11-18 14:22:30');
INSERT INTO `sys_role_permission` VALUES (40, 1, 1007, 0, '2019-11-18 14:22:30', '2019-11-18 14:22:30');
INSERT INTO `sys_role_permission` VALUES (41, 1, 1008, 0, '2019-11-18 14:22:30', '2019-11-18 14:22:30');
INSERT INTO `sys_role_permission` VALUES (42, 1, 1009, 0, '2019-11-18 14:22:30', '2019-11-18 14:22:30');
INSERT INTO `sys_role_permission` VALUES (43, 1, 1010, 0, '2019-11-18 14:22:30', '2019-11-18 14:22:30');
INSERT INTO `sys_role_permission` VALUES (44, 1, 1011, 0, '2019-11-18 14:22:30', '2019-11-18 14:22:30');
INSERT INTO `sys_role_permission` VALUES (45, 1, 1012, 0, '2019-11-18 14:22:30', '2019-11-18 14:22:30');
INSERT INTO `sys_role_permission` VALUES (46, 1, 1013, 0, '2019-11-18 14:22:30', '2019-11-18 14:22:30');
INSERT INTO `sys_role_permission` VALUES (47, 1, 1014, 0, '2019-11-18 14:22:30', '2019-11-18 14:22:30');
INSERT INTO `sys_role_permission` VALUES (48, 1, 1015, 0, '2019-11-18 14:22:30', '2019-11-18 14:22:30');
INSERT INTO `sys_role_permission` VALUES (49, 1, 1016, 0, '2019-11-18 14:22:30', '2019-11-18 14:22:30');
INSERT INTO `sys_role_permission` VALUES (50, 1, 1017, 0, '2019-11-18 14:22:30', '2019-11-18 14:22:30');
INSERT INTO `sys_role_permission` VALUES (51, 1, 1018, 0, '2019-11-18 14:22:30', '2019-11-18 14:22:30');
INSERT INTO `sys_role_permission` VALUES (52, 1, 1019, 0, '2019-11-18 14:22:30', '2019-11-18 14:22:30');
INSERT INTO `sys_role_permission` VALUES (53, 1, 1020, 0, '2019-11-18 14:22:30', '2019-11-18 14:22:30');
INSERT INTO `sys_role_permission` VALUES (54, 1, 1021, 0, '2019-11-18 14:22:30', '2019-11-18 14:22:30');
INSERT INTO `sys_role_permission` VALUES (55, 1, 1022, 0, '2019-11-18 14:22:30', '2019-11-18 14:22:30');
INSERT INTO `sys_role_permission` VALUES (56, 2, 12, 0, '2021-02-20 16:58:34', '2021-02-20 16:58:37');
INSERT INTO `sys_role_permission` VALUES (57, 2, 13, 0, '2021-02-20 17:00:17', '2021-02-20 17:00:18');
INSERT INTO `sys_role_permission` VALUES (58, 2, 14, 0, '2021-02-20 17:00:47', '2021-02-20 17:00:49');
INSERT INTO `sys_role_permission` VALUES (59, 2, 105, 0, '2021-02-20 16:59:19', '2021-02-20 16:59:21');
INSERT INTO `sys_role_permission` VALUES (60, 2, 106, 0, '2021-02-20 16:59:31', '2021-02-20 16:59:33');
INSERT INTO `sys_role_permission` VALUES (61, 2, 107, 0, '2021-02-20 16:15:58', '2021-02-20 16:16:01');
INSERT INTO `sys_role_permission` VALUES (62, 2, 108, 0, '2021-02-20 16:41:57', '2021-02-20 16:42:00');
INSERT INTO `sys_role_permission` VALUES (71, 7, 1, 0, '2023-07-29 00:56:26', '2023-07-29 00:56:26');
INSERT INTO `sys_role_permission` VALUES (72, 7, 10, 0, '2023-07-29 00:56:26', '2023-07-29 00:56:26');
INSERT INTO `sys_role_permission` VALUES (73, 7, 101, 0, '2023-07-29 00:56:26', '2023-07-29 00:56:26');
INSERT INTO `sys_role_permission` VALUES (74, 7, 1007, 0, '2023-07-29 00:56:26', '2023-07-29 00:56:26');
INSERT INTO `sys_role_permission` VALUES (75, 7, 1004, 0, '2023-07-29 00:56:26', '2023-07-29 00:56:26');
INSERT INTO `sys_role_permission` VALUES (76, 7, 1005, 0, '2023-07-29 00:56:26', '2023-07-29 00:56:26');
INSERT INTO `sys_role_permission` VALUES (77, 7, 1008, 0, '2023-07-29 00:56:26', '2023-07-29 00:56:26');
INSERT INTO `sys_role_permission` VALUES (78, 7, 1006, 0, '2023-07-29 00:56:26', '2023-07-29 00:56:26');

-- ----------------------------
-- Table structure for sys_user
-- ----------------------------
DROP TABLE IF EXISTS `sys_user`;
CREATE TABLE `sys_user`  (
  `id` bigint(19) NOT NULL AUTO_INCREMENT COMMENT '用户id',
  `username` varchar(20) CHARACTER SET utf8 COLLATE utf8_general_ci NOT NULL DEFAULT '' COMMENT '用户名称',
  `password` varchar(64) CHARACTER SET utf8 COLLATE utf8_general_ci NOT NULL DEFAULT '' COMMENT '用户密码',
  `nick_name` varchar(50) CHARACTER SET utf8 COLLATE utf8_general_ci NULL DEFAULT NULL COMMENT '用户昵称',
  `phone` varchar(255) CHARACTER SET utf8 COLLATE utf8_general_ci NULL DEFAULT NULL,
  `email` varchar(255) CHARACTER SET utf8 COLLATE utf8_general_ci NULL DEFAULT NULL,
  `gender` varchar(20) CHARACTER SET utf8 COLLATE utf8_general_ci NULL DEFAULT NULL,
  `avatar` varchar(255) CHARACTER SET utf8 COLLATE utf8_general_ci NULL DEFAULT NULL COMMENT '用户头像',
  `status` tinyint(1) NOT NULL DEFAULT 1 COMMENT '\'状态（1：正常 0：停用）\'',
  `is_deleted` tinyint(1) UNSIGNED NOT NULL DEFAULT 0 COMMENT '逻辑删除 1（true）已删除， 0（false）未删除',
  `create_time` datetime(0) NOT NULL COMMENT '创建时间',
  `update_time` datetime(0) NOT NULL COMMENT '更新时间',
  PRIMARY KEY (`id`) USING BTREE,
  UNIQUE INDEX `uk_username`(`username`) USING BTREE
) ENGINE = InnoDB AUTO_INCREMENT = 11 CHARACTER SET = utf8 COLLATE = utf8_general_ci COMMENT = '用户表' ROW_FORMAT = Dynamic;

-- ----------------------------
-- Records of sys_user
-- ----------------------------
INSERT INTO `sys_user` VALUES (1, 'admin', '$2a$10$0/E5EhjcDYUxm.WTuO0RpOsNlZGsHf3zdMEpI1zHiT8GWuFsAhY8G', 'admin', NULL, NULL, '男', 'https://wpimg.wallstcn.com/f778738c-e4f8-4870-b634-56703b4acafe.gif', 1, 0, '2019-11-01 10:39:47', '2019-11-01 10:39:47');
INSERT INTO `sys_user` VALUES (2, 'class_admin', '$2a$10$ZwcMZNPJ6uPzS60Rd09iye7P50RGm0uG/uJB9zHRaJd3X0rVCfM5W', 'nickname', NULL, NULL, '女', 'https://wpimg.wallstcn.com/f778738c-e4f8-4870-b634-56703b4acafe.gif', 1, 0, '2021-04-27 09:21:48', '2021-05-19 10:17:17');
INSERT INTO `sys_user` VALUES (3, 'Dcl_Snow', '$2a$10$ZwcMZNPJ6uPzS60Rd09iye7P50RGm0uG/uJB9zHRaJd3X0rVCfM5W', '昵称', NULL, NULL, '男', 'https://wpimg.wallstcn.com/f778738c-e4f8-4870-b634-56703b4acafe.gif', 1, 0, '2021-04-13 15:47:02', '2021-04-13 15:47:02');
INSERT INTO `sys_user` VALUES (5, 'test', '$2a$10$0/E5EhjcDYUxm.WTuO0RpOsNlZGsHf3zdMEpI1zHiT8GWuFsAhY8G', 'Dcl_Snow', '15000000001', 'null@163.com', 'MAN', 'https://wpimg.wallstcn.com/f778738c-e4f8-4870-b634-56703b4acafe.gif', 1, 0, '2021-08-24 17:06:45', '2021-08-27 10:57:21');
INSERT INTO `sys_user` VALUES (7, 'Snow', '$2a$10$0/E5EhjcDYUxm.WTuO0RpOsNlZGsHf3zdMEpI1zHiT8GWuFsAhY8G', '昵称', '13900000000', 'dcl_snow@163.com', '男', 'https://wpimg.wallstcn.com/f778738c-e4f8-4870-b634-56703b4acafe.gif', 1, 0, '2021-08-24 22:51:18', '2021-08-24 22:51:18');
INSERT INTO `sys_user` VALUES (8, 'test1', '$2a$10$0/E5EhjcDYUxm.WTuO0RpOsNlZGsHf3zdMEpI1zHiT8GWuFsAhY8G', 'Dcl_Snow', '15000000001', 'null@163.com', 'MAN', 'https://wpimg.wallstcn.com/f778738c-e4f8-4870-b634-56703b4acafe.gif', 1, 0, '2021-08-27 11:11:29', '2021-08-31 11:35:45');
INSERT INTO `sys_user` VALUES (9, 'test3', '$2a$10$ZwcMZNPJ6uPzS60Rd09iye7P50RGm0uG/uJB9zHRaJd3X0rVCfM5W', '昵称2', '13900000005', 'abc@163.com', '男', 'https://wpimg.wallstcn.com/f778738c-e4f8-4870-b634-56703b4acafe.gif', 1, 0, '2021-09-10 14:43:38', '2021-09-10 14:43:38');
INSERT INTO `sys_user` VALUES (10, 'test3000', '$2a$10$ZNzTESSWjWvkWk/ss6Yx5uivYuZT2E11qhNRbuHBQGHo3cXNfz3rm', 'Dcl_Snow', '15000000001', 'null@163.com', '男', 'https://wpimg.wallstcn.com/f778738c-e4f8-4870-b634-56703b4acafe.gif', 1, 0, '2022-02-16 14:46:34', '2022-02-16 14:52:31');

-- ----------------------------
-- Table structure for sys_user_role
-- ----------------------------
DROP TABLE IF EXISTS `sys_user_role`;
CREATE TABLE `sys_user_role`  (
  `id` bigint(20) NOT NULL AUTO_INCREMENT COMMENT '主键id',
  `role_id` bigint(20) NOT NULL DEFAULT 0 COMMENT '角色id',
  `user_id` bigint(20) NOT NULL DEFAULT 0 COMMENT '用户id',
  `is_deleted` tinyint(1) UNSIGNED NOT NULL DEFAULT 0 COMMENT '逻辑删除 1（true）已删除， 0（false）未删除',
  `create_time` datetime(0) NOT NULL COMMENT '创建时间',
  `update_time` datetime(0) NOT NULL COMMENT '更新时间',
  PRIMARY KEY (`id`) USING BTREE,
  INDEX `idx_role_id`(`role_id`) USING BTREE,
  INDEX `idx_user_id`(`user_id`) USING BTREE
) ENGINE = InnoDB AUTO_INCREMENT = 4 CHARACTER SET = utf8 COLLATE = utf8_general_ci ROW_FORMAT = Dynamic;

-- ----------------------------
-- Records of sys_user_role
-- ----------------------------
INSERT INTO `sys_user_role` VALUES (1, 1, 1, 0, '2019-11-11 13:09:53', '2019-11-11 13:09:53');
INSERT INTO `sys_user_role` VALUES (2, 2, 2, 0, '2021-04-13 15:51:53', '2021-04-13 15:51:53');
INSERT INTO `sys_user_role` VALUES (3, 1, 3, 0, '2021-02-19 14:06:57', '2021-02-19 14:06:59');

SET FOREIGN_KEY_CHECKS = 1;
